{
  "timestamp": "2026-02-24T04:56:52+00:00",
  "cycle": 1154,
  "total_bakers": 248,
  "dal_active_bakers": 204,
  "dal_inactive_bakers": 44,
  "unclassified_bakers": 0,
  "non_attesting_bakers": 0,
  "dal_baking_power_percentage": 88.5529494932913,
  "total_baking_power": 418219810420002.0,
  "dal_baking_power": 370345977492163.0,
  "dal_participation_percentage": 82.25806451612904,
  "dal_adoption_percentage": 82.25806451612904
}