{
  "timestamp": "2025-09-08T00:45:29.389263",
  "cycle": 986,
  "total_bakers": 274,
  "dal_active_bakers": 183,
  "dal_inactive_bakers": 67,
  "unclassified_bakers": 10,
  "non_attesting_bakers": 14,
  "dal_baking_power_percentage": 87.00332616612062,
  "total_baking_power": 410630134023661,
  "dal_baking_power": 357261874840984,
  "dal_participation_percentage": 70.38461538461539,
  "dal_adoption_percentage": 66.78832116788321
}