{
  "timestamp": "2025-06-23T00:39:24.898585",
  "cycle": 909,
  "total_bakers": 282,
  "dal_active_bakers": 175,
  "dal_inactive_bakers": 91,
  "unclassified_bakers": 9,
  "non_attesting_bakers": 7,
  "dal_baking_power_percentage": 75.32283723350297,
  "total_baking_power": 410162688787066,
  "dal_baking_power": 308946174467641,
  "dal_participation_percentage": 63.63636363636363,
  "dal_adoption_percentage": 62.056737588652474
}