{
  "timestamp": "2025-10-23T07:16:05.858124",
  "cycle": 1031,
  "total_bakers": 250,
  "dal_active_bakers": 185,
  "dal_inactive_bakers": 43,
  "unclassified_bakers": 20,
  "non_attesting_bakers": 2,
  "dal_baking_power_percentage": 87.52228400690878,
  "total_baking_power": 411678959061498,
  "dal_baking_power": 360310827746490,
  "dal_participation_percentage": 74.59677419354838,
  "dal_adoption_percentage": 74.0
}