{
  "timestamp": "2025-05-29T06:30:48.971660",
  "cycle": 885,
  "total_bakers": 279,
  "dal_active_bakers": 145,
  "dal_inactive_bakers": 127,
  "unclassified_bakers": 3,
  "non_attesting_bakers": 4,
  "dal_baking_power_percentage": 65.794617675136,
  "total_baking_power": 405498218896761,
  "dal_baking_power": 266796002802610,
  "dal_participation_percentage": 52.72727272727272,
  "dal_adoption_percentage": 51.971326164874554
}