{
  "timestamp": "2025-06-30T06:37:06.076825",
  "cycle": 917,
  "total_bakers": 282,
  "dal_active_bakers": 178,
  "dal_inactive_bakers": 91,
  "unclassified_bakers": 9,
  "non_attesting_bakers": 4,
  "dal_baking_power_percentage": 75.71458498674815,
  "total_baking_power": 408715548634535,
  "dal_baking_power": 309457281424949,
  "dal_participation_percentage": 64.02877697841727,
  "dal_adoption_percentage": 63.12056737588653
}