{
  "timestamp": "2025-09-01T12:25:56.759049",
  "cycle": 980,
  "total_bakers": 260,
  "dal_active_bakers": 174,
  "dal_inactive_bakers": 65,
  "unclassified_bakers": 20,
  "non_attesting_bakers": 1,
  "dal_baking_power_percentage": 85.70877402208869,
  "total_baking_power": 408878843336611,
  "dal_baking_power": 350445043859506,
  "dal_participation_percentage": 67.18146718146718,
  "dal_adoption_percentage": 66.92307692307692
}