{
  "timestamp": "2025-11-03T07:27:17.191133",
  "cycle": 1042,
  "total_bakers": 255,
  "dal_active_bakers": 183,
  "dal_inactive_bakers": 41,
  "unclassified_bakers": 26,
  "non_attesting_bakers": 5,
  "dal_baking_power_percentage": 86.75279546223493,
  "total_baking_power": 411733270820773,
  "dal_baking_power": 357190122285115,
  "dal_participation_percentage": 73.2,
  "dal_adoption_percentage": 71.76470588235294
}