{
  "timestamp": "2025-09-01T06:42:28.832653",
  "cycle": 979,
  "total_bakers": 263,
  "dal_active_bakers": 178,
  "dal_inactive_bakers": 72,
  "unclassified_bakers": 11,
  "non_attesting_bakers": 2,
  "dal_baking_power_percentage": 85.65895093025418,
  "total_baking_power": 408673747281919,
  "dal_baking_power": 350065644649050,
  "dal_participation_percentage": 68.19923371647509,
  "dal_adoption_percentage": 67.68060836501901
}