{
  "timestamp": "2025-09-03T00:41:50.350905",
  "cycle": 981,
  "total_bakers": 259,
  "dal_active_bakers": 177,
  "dal_inactive_bakers": 69,
  "unclassified_bakers": 10,
  "non_attesting_bakers": 3,
  "dal_baking_power_percentage": 85.66630388121371,
  "total_baking_power": 408909596679199,
  "dal_baking_power": 350297737690648,
  "dal_participation_percentage": 69.140625,
  "dal_adoption_percentage": 68.33976833976834
}