{
  "timestamp": "2025-09-20T00:31:00.982864",
  "cycle": 998,
  "total_bakers": 267,
  "dal_active_bakers": 160,
  "dal_inactive_bakers": 50,
  "unclassified_bakers": 50,
  "non_attesting_bakers": 7,
  "dal_baking_power_percentage": 83.57543142595634,
  "total_baking_power": 410759858675090,
  "dal_baking_power": 343294324012355,
  "dal_participation_percentage": 61.53846153846154,
  "dal_adoption_percentage": 59.925093632958806
}