{
  "timestamp": "2025-07-17T12:38:04.186798",
  "cycle": 934,
  "total_bakers": 275,
  "dal_active_bakers": 178,
  "dal_inactive_bakers": 82,
  "unclassified_bakers": 11,
  "non_attesting_bakers": 4,
  "dal_baking_power_percentage": 85.09920999300358,
  "total_baking_power": 407971056134954,
  "dal_baking_power": 347180145770959,
  "dal_participation_percentage": 65.68265682656826,
  "dal_adoption_percentage": 64.72727272727272
}