{
  "timestamp": "2025-08-16T18:40:20.633895",
  "cycle": 964,
  "total_bakers": 263,
  "dal_active_bakers": 182,
  "dal_inactive_bakers": 69,
  "unclassified_bakers": 11,
  "non_attesting_bakers": 1,
  "dal_baking_power_percentage": 86.82568407259616,
  "total_baking_power": 404815517549955,
  "dal_baking_power": 351483842344769,
  "dal_participation_percentage": 69.46564885496184,
  "dal_adoption_percentage": 69.20152091254754
}