{
  "timestamp": "2025-08-23T12:30:31.282948",
  "cycle": 971,
  "total_bakers": 262,
  "dal_active_bakers": 185,
  "dal_inactive_bakers": 67,
  "unclassified_bakers": 10,
  "non_attesting_bakers": 0,
  "dal_baking_power_percentage": 87.09391935788918,
  "total_baking_power": 407391877519252,
  "dal_baking_power": 354813553277208,
  "dal_participation_percentage": 70.61068702290076,
  "dal_adoption_percentage": 70.61068702290076
}