{
  "timestamp": "2025-10-14T13:10:35.391508",
  "cycle": 1022,
  "total_bakers": 302,
  "dal_active_bakers": 190,
  "dal_inactive_bakers": 46,
  "unclassified_bakers": 17,
  "non_attesting_bakers": 49,
  "dal_baking_power_percentage": 87.8575723576506,
  "total_baking_power": 419592888010219,
  "dal_baking_power": 368644125191134,
  "dal_participation_percentage": 75.09881422924902,
  "dal_adoption_percentage": 62.913907284768214
}