{
  "timestamp": "2025-09-16T12:41:35.075527",
  "cycle": 994,
  "total_bakers": 261,
  "dal_active_bakers": 184,
  "dal_inactive_bakers": 64,
  "unclassified_bakers": 10,
  "non_attesting_bakers": 3,
  "dal_baking_power_percentage": 87.11195326078625,
  "total_baking_power": 411913035269142,
  "dal_baking_power": 358825490758741,
  "dal_participation_percentage": 71.31782945736434,
  "dal_adoption_percentage": 70.49808429118774
}