{
  "timestamp": "2026-03-03T07:35:40+00:00",
  "cycle": 1161,
  "total_bakers": 246,
  "dal_active_bakers": 203,
  "dal_inactive_bakers": 43,
  "unclassified_bakers": 0,
  "non_attesting_bakers": 0,
  "dal_baking_power_percentage": 88.52166513220862,
  "total_baking_power": 418712685807648.0,
  "dal_baking_power": 370651441596723.0,
  "dal_participation_percentage": 82.52032520325203,
  "dal_adoption_percentage": 82.52032520325203
}