{
  "timestamp": "2025-05-12T12:30:24.904846",
  "cycle": 868,
  "total_bakers": 273,
  "dal_active_bakers": 126,
  "dal_inactive_bakers": 138,
  "unclassified_bakers": 7,
  "non_attesting_bakers": 2,
  "dal_baking_power_percentage": 42.205380000698916,
  "total_baking_power": 407294464529331,
  "dal_baking_power": 171900176476416,
  "dal_participation_percentage": 46.494464944649444,
  "dal_adoption_percentage": 46.15384615384615
}