{
  "timestamp": "2025-05-18T12:32:48.798886",
  "cycle": 874,
  "total_bakers": 279,
  "dal_active_bakers": 129,
  "dal_inactive_bakers": 137,
  "unclassified_bakers": 9,
  "non_attesting_bakers": 4,
  "dal_baking_power_percentage": 47.79626355233131,
  "total_baking_power": 389674686376949,
  "dal_baking_power": 186249940097447,
  "dal_participation_percentage": 46.909090909090914,
  "dal_adoption_percentage": 46.236559139784944
}