{
  "timestamp": "2025-07-23T00:37:35.205500",
  "cycle": 939,
  "total_bakers": 273,
  "dal_active_bakers": 178,
  "dal_inactive_bakers": 82,
  "unclassified_bakers": 5,
  "non_attesting_bakers": 8,
  "dal_baking_power_percentage": 84.79007434320545,
  "total_baking_power": 401057129298656,
  "dal_baking_power": 340056638091056,
  "dal_participation_percentage": 67.16981132075472,
  "dal_adoption_percentage": 65.2014652014652
}