{
  "timestamp": "2025-10-30T07:22:18.244584",
  "cycle": 1038,
  "total_bakers": 252,
  "dal_active_bakers": 183,
  "dal_inactive_bakers": 42,
  "unclassified_bakers": 26,
  "non_attesting_bakers": 1,
  "dal_baking_power_percentage": 87.35199993004946,
  "total_baking_power": 410746119853059,
  "dal_baking_power": 358794950326725,
  "dal_participation_percentage": 72.90836653386454,
  "dal_adoption_percentage": 72.61904761904762
}