{
  "timestamp": "2026-05-09T06:28:31+00:00",
  "cycle": 1227,
  "total_bakers": 232,
  "dal_active_bakers": 198,
  "dal_inactive_bakers": 34,
  "unclassified_bakers": 0,
  "non_attesting_bakers": 0,
  "dal_baking_power_percentage": 88.96841717224076,
  "total_baking_power": 428438401146749.0,
  "dal_baking_power": 381174864058318.0,
  "dal_participation_percentage": 85.34482758620689,
  "dal_adoption_percentage": 85.34482758620689
}