{
  "timestamp": "2025-08-28T00:41:45.924739",
  "cycle": 975,
  "total_bakers": 265,
  "dal_active_bakers": 185,
  "dal_inactive_bakers": 68,
  "unclassified_bakers": 9,
  "non_attesting_bakers": 3,
  "dal_baking_power_percentage": 85.79024903196614,
  "total_baking_power": 407787232073988,
  "dal_baking_power": 349841681916836,
  "dal_participation_percentage": 70.61068702290076,
  "dal_adoption_percentage": 69.81132075471697
}