{
  "timestamp": "2025-10-18T13:20:05.980069",
  "cycle": 1026,
  "total_bakers": 306,
  "dal_active_bakers": 187,
  "dal_inactive_bakers": 44,
  "unclassified_bakers": 20,
  "non_attesting_bakers": 55,
  "dal_baking_power_percentage": 87.30970009141247,
  "total_baking_power": 412568122770807,
  "dal_baking_power": 360211990663962,
  "dal_participation_percentage": 74.5019920318725,
  "dal_adoption_percentage": 61.111111111111114
}