{
  "timestamp": "2025-08-25T12:33:07.089618",
  "cycle": 973,
  "total_bakers": 262,
  "dal_active_bakers": 184,
  "dal_inactive_bakers": 69,
  "unclassified_bakers": 7,
  "non_attesting_bakers": 2,
  "dal_baking_power_percentage": 87.06911688533972,
  "total_baking_power": 407555944225110,
  "dal_baking_power": 354855361450511,
  "dal_participation_percentage": 70.76923076923077,
  "dal_adoption_percentage": 70.22900763358778
}