{
  "timestamp": "2025-07-22T18:37:26.250669",
  "cycle": 939,
  "total_bakers": 272,
  "dal_active_bakers": 177,
  "dal_inactive_bakers": 82,
  "unclassified_bakers": 5,
  "non_attesting_bakers": 8,
  "dal_baking_power_percentage": 84.78981777495058,
  "total_baking_power": 401050364190504,
  "dal_baking_power": 340049872982904,
  "dal_participation_percentage": 67.04545454545455,
  "dal_adoption_percentage": 65.07352941176471
}