{
  "timestamp": "2025-06-02T18:29:06.024329",
  "cycle": 889,
  "total_bakers": 280,
  "dal_active_bakers": 158,
  "dal_inactive_bakers": 114,
  "unclassified_bakers": 5,
  "non_attesting_bakers": 3,
  "dal_baking_power_percentage": 68.7167728120714,
  "total_baking_power": 407240668741576,
  "dal_baking_power": 279842645137509,
  "dal_participation_percentage": 57.03971119133574,
  "dal_adoption_percentage": 56.42857142857143
}