{
  "timestamp": "2025-07-10T18:38:13.276062",
  "cycle": 927,
  "total_bakers": 277,
  "dal_active_bakers": 174,
  "dal_inactive_bakers": 89,
  "unclassified_bakers": 11,
  "non_attesting_bakers": 3,
  "dal_baking_power_percentage": 84.9309098455065,
  "total_baking_power": 409566194340739,
  "dal_baking_power": 347848295273205,
  "dal_participation_percentage": 63.503649635036496,
  "dal_adoption_percentage": 62.8158844765343
}