{
  "timestamp": "2025-10-25T13:25:39.154986",
  "cycle": 1033,
  "total_bakers": 252,
  "dal_active_bakers": 184,
  "dal_inactive_bakers": 41,
  "unclassified_bakers": 23,
  "non_attesting_bakers": 4,
  "dal_baking_power_percentage": 87.49540851469376,
  "total_baking_power": 412282511678089,
  "dal_baking_power": 360728267827384,
  "dal_participation_percentage": 74.19354838709677,
  "dal_adoption_percentage": 73.01587301587301
}