{
  "timestamp": "2026-03-12T09:11:22+00:00",
  "cycle": 1170,
  "total_bakers": 251,
  "dal_active_bakers": 212,
  "dal_inactive_bakers": 39,
  "unclassified_bakers": 0,
  "non_attesting_bakers": 0,
  "dal_baking_power_percentage": 87.43479239337705,
  "total_baking_power": 427070939097817.0,
  "dal_baking_power": 373408588972622.0,
  "dal_participation_percentage": 84.4621513944223,
  "dal_adoption_percentage": 84.4621513944223
}