{
  "timestamp": "2025-08-27T12:30:23.700762",
  "cycle": 975,
  "total_bakers": 265,
  "dal_active_bakers": 184,
  "dal_inactive_bakers": 66,
  "unclassified_bakers": 12,
  "non_attesting_bakers": 3,
  "dal_baking_power_percentage": 85.77928483516537,
  "total_baking_power": 407787232073988,
  "dal_baking_power": 349796971322183,
  "dal_participation_percentage": 70.22900763358778,
  "dal_adoption_percentage": 69.43396226415094
}