{
  "timestamp": "2025-10-01T00:54:43.391978",
  "cycle": 1009,
  "total_bakers": 250,
  "dal_active_bakers": 184,
  "dal_inactive_bakers": 48,
  "unclassified_bakers": 15,
  "non_attesting_bakers": 3,
  "dal_baking_power_percentage": 87.78640339547185,
  "total_baking_power": 412348324915908,
  "dal_baking_power": 361985763905150,
  "dal_participation_percentage": 74.49392712550608,
  "dal_adoption_percentage": 73.6
}