{
  "timestamp": "2026-01-03T14:21:52+00:00",
  "cycle": 1103,
  "total_bakers": 259,
  "dal_active_bakers": 211,
  "dal_inactive_bakers": 48,
  "unclassified_bakers": 0,
  "non_attesting_bakers": 0,
  "dal_baking_power_percentage": 83.43159428998499,
  "total_baking_power": 412012466353820.0,
  "dal_baking_power": 343748569352480.0,
  "dal_participation_percentage": 81.46718146718148,
  "dal_adoption_percentage": 81.46718146718148
}