{
  "timestamp": "2025-06-01T06:27:27.116964",
  "cycle": 888,
  "total_bakers": 282,
  "dal_active_bakers": 153,
  "dal_inactive_bakers": 120,
  "unclassified_bakers": 6,
  "non_attesting_bakers": 3,
  "dal_baking_power_percentage": 68.50000397367462,
  "total_baking_power": 405646859647490,
  "dal_baking_power": 277868114977617,
  "dal_participation_percentage": 54.83870967741935,
  "dal_adoption_percentage": 54.25531914893617
}