{
  "timestamp": "2025-11-27T09:19:56+00:00",
  "cycle": 1066,
  "total_bakers": 262,
  "dal_active_bakers": 206,
  "dal_inactive_bakers": 56,
  "unclassified_bakers": 0,
  "non_attesting_bakers": 0,
  "dal_baking_power_percentage": 82.3912919555373,
  "total_baking_power": 410351460950620.0,
  "dal_baking_power": 338093870235638.0,
  "dal_participation_percentage": 78.62595419847328,
  "dal_adoption_percentage": 78.62595419847328
}