{
  "timestamp": "2025-09-20T12:33:23.987861",
  "cycle": 998,
  "total_bakers": 267,
  "dal_active_bakers": 165,
  "dal_inactive_bakers": 50,
  "unclassified_bakers": 45,
  "non_attesting_bakers": 7,
  "dal_baking_power_percentage": 83.85061288420201,
  "total_baking_power": 410759858675090,
  "dal_baking_power": 344424658981345,
  "dal_participation_percentage": 63.46153846153846,
  "dal_adoption_percentage": 61.79775280898876
}