{
  "timestamp": "2025-09-20T18:32:00.365828",
  "cycle": 999,
  "total_bakers": 266,
  "dal_active_bakers": 175,
  "dal_inactive_bakers": 39,
  "unclassified_bakers": 46,
  "non_attesting_bakers": 6,
  "dal_baking_power_percentage": 87.22064550533631,
  "total_baking_power": 411462793816103,
  "dal_baking_power": 358880504780696,
  "dal_participation_percentage": 67.3076923076923,
  "dal_adoption_percentage": 65.78947368421053
}