{
  "timestamp": "2025-06-23T06:32:34.638680",
  "cycle": 910,
  "total_bakers": 279,
  "dal_active_bakers": 168,
  "dal_inactive_bakers": 87,
  "unclassified_bakers": 15,
  "non_attesting_bakers": 9,
  "dal_baking_power_percentage": 70.71501384913887,
  "total_baking_power": 409420041134919,
  "dal_baking_power": 289521438789708,
  "dal_participation_percentage": 62.22222222222222,
  "dal_adoption_percentage": 60.215053763440864
}