{
  "timestamp": "2025-09-12T06:44:29.102597",
  "cycle": 990,
  "total_bakers": 260,
  "dal_active_bakers": 182,
  "dal_inactive_bakers": 65,
  "unclassified_bakers": 10,
  "non_attesting_bakers": 3,
  "dal_baking_power_percentage": 87.04854403063052,
  "total_baking_power": 409741000611791,
  "dal_baking_power": 356673575329101,
  "dal_participation_percentage": 70.8171206225681,
  "dal_adoption_percentage": 70.0
}