{
  "timestamp": "2025-08-12T06:55:13.071962",
  "cycle": 959,
  "total_bakers": 266,
  "dal_active_bakers": 161,
  "dal_inactive_bakers": 63,
  "unclassified_bakers": 11,
  "non_attesting_bakers": 31,
  "dal_baking_power_percentage": 96.81400006499494,
  "total_baking_power": 336716013722768,
  "dal_baking_power": 325988241744409,
  "dal_participation_percentage": 68.51063829787233,
  "dal_adoption_percentage": 60.526315789473685
}