{
  "timestamp": "2025-07-30T18:40:03.062579",
  "cycle": 947,
  "total_bakers": 268,
  "dal_active_bakers": 172,
  "dal_inactive_bakers": 82,
  "unclassified_bakers": 9,
  "non_attesting_bakers": 5,
  "dal_baking_power_percentage": 84.92788770122729,
  "total_baking_power": 400714691820422,
  "dal_baking_power": 340318523471567,
  "dal_participation_percentage": 65.39923954372624,
  "dal_adoption_percentage": 64.17910447761194
}