{
  "timestamp": "2026-06-25T23:30:46+00:00",
  "cycle": 1274,
  "total_bakers": 218,
  "dal_active_bakers": 185,
  "dal_inactive_bakers": 33,
  "unclassified_bakers": 0,
  "non_attesting_bakers": 0,
  "dal_baking_power_percentage": 86.84425326391974,
  "total_baking_power": 439987719096988.0,
  "dal_baking_power": 382104049102732.0,
  "dal_participation_percentage": 84.86238532110092,
  "dal_adoption_percentage": 84.86238532110092
}