{
  "timestamp": "2025-05-13T18:26:24.082552",
  "cycle": 870,
  "total_bakers": 273,
  "dal_active_bakers": 125,
  "dal_inactive_bakers": 137,
  "unclassified_bakers": 7,
  "non_attesting_bakers": 4,
  "dal_baking_power_percentage": 45.697075969807734,
  "total_baking_power": 406258511093593,
  "dal_baking_power": 185648260448249,
  "dal_participation_percentage": 46.468401486988846,
  "dal_adoption_percentage": 45.78754578754579
}