{
  "timestamp": "2025-09-29T19:04:09.616996",
  "cycle": 1007,
  "total_bakers": 249,
  "dal_active_bakers": 185,
  "dal_inactive_bakers": 48,
  "unclassified_bakers": 12,
  "non_attesting_bakers": 4,
  "dal_baking_power_percentage": 87.85042223904873,
  "total_baking_power": 411368782453842,
  "dal_baking_power": 361389212345334,
  "dal_participation_percentage": 75.51020408163265,
  "dal_adoption_percentage": 74.29718875502009
}