{
  "timestamp": "2025-08-30T12:31:23.478449",
  "cycle": 978,
  "total_bakers": 264,
  "dal_active_bakers": 178,
  "dal_inactive_bakers": 69,
  "unclassified_bakers": 14,
  "non_attesting_bakers": 3,
  "dal_baking_power_percentage": 85.68464030353091,
  "total_baking_power": 408530446286277,
  "dal_baking_power": 350047843430806,
  "dal_participation_percentage": 68.19923371647509,
  "dal_adoption_percentage": 67.42424242424242
}