{
  "timestamp": "2025-06-04T18:31:25.423431",
  "cycle": 891,
  "total_bakers": 280,
  "dal_active_bakers": 164,
  "dal_inactive_bakers": 109,
  "unclassified_bakers": 5,
  "non_attesting_bakers": 2,
  "dal_baking_power_percentage": 70.55363177944656,
  "total_baking_power": 408392574913141,
  "dal_baking_power": 288135793518818,
  "dal_participation_percentage": 58.992805755395686,
  "dal_adoption_percentage": 58.57142857142858
}