{
  "timestamp": "2025-05-15T18:29:44.937858",
  "cycle": 871,
  "total_bakers": 278,
  "dal_active_bakers": 128,
  "dal_inactive_bakers": 136,
  "unclassified_bakers": 8,
  "non_attesting_bakers": 6,
  "dal_baking_power_percentage": 41.17850721466781,
  "total_baking_power": 406664673204169,
  "dal_baking_power": 167458441794884,
  "dal_participation_percentage": 47.05882352941176,
  "dal_adoption_percentage": 46.043165467625904
}