{
  "timestamp": "2025-09-23T12:58:25.615989",
  "cycle": 1001,
  "total_bakers": 245,
  "dal_active_bakers": 177,
  "dal_inactive_bakers": 46,
  "unclassified_bakers": 21,
  "non_attesting_bakers": 1,
  "dal_baking_power_percentage": 87.85686729451106,
  "total_baking_power": 409996311519807,
  "dal_baking_power": 360209915324347,
  "dal_participation_percentage": 72.54098360655738,
  "dal_adoption_percentage": 72.24489795918367
}