{
  "timestamp": "2025-07-07T06:34:00.126186",
  "cycle": 924,
  "total_bakers": 273,
  "dal_active_bakers": 171,
  "dal_inactive_bakers": 88,
  "unclassified_bakers": 13,
  "non_attesting_bakers": 1,
  "dal_baking_power_percentage": 85.20066110842734,
  "total_baking_power": 408891148920866,
  "dal_baking_power": 348377962094422,
  "dal_participation_percentage": 62.86764705882353,
  "dal_adoption_percentage": 62.637362637362635
}