{
  "timestamp": "2026-06-09T19:45:04+00:00",
  "cycle": 1258,
  "total_bakers": 216,
  "dal_active_bakers": 188,
  "dal_inactive_bakers": 28,
  "unclassified_bakers": 0,
  "non_attesting_bakers": 0,
  "dal_baking_power_percentage": 88.65328302847107,
  "total_baking_power": 436150086242043.0,
  "dal_baking_power": 386661370385079.0,
  "dal_participation_percentage": 87.03703703703704,
  "dal_adoption_percentage": 87.03703703703704
}