{
  "timestamp": "2025-05-17T12:32:41.536485",
  "cycle": 873,
  "total_bakers": 277,
  "dal_active_bakers": 129,
  "dal_inactive_bakers": 139,
  "unclassified_bakers": 6,
  "non_attesting_bakers": 3,
  "dal_baking_power_percentage": 47.80125467783999,
  "total_baking_power": 389643787380508,
  "dal_baking_power": 186254619142138,
  "dal_participation_percentage": 47.08029197080292,
  "dal_adoption_percentage": 46.57039711191336
}