{
  "timestamp": "2025-06-25T06:34:55.611686",
  "cycle": 912,
  "total_bakers": 277,
  "dal_active_bakers": 177,
  "dal_inactive_bakers": 91,
  "unclassified_bakers": 8,
  "non_attesting_bakers": 1,
  "dal_baking_power_percentage": 75.51637093465263,
  "total_baking_power": 410131339883695,
  "dal_baking_power": 309716303945832,
  "dal_participation_percentage": 64.13043478260869,
  "dal_adoption_percentage": 63.898916967509024
}