{
  "timestamp": "2025-06-17T06:40:55.044584",
  "cycle": 904,
  "total_bakers": 283,
  "dal_active_bakers": 176,
  "dal_inactive_bakers": 96,
  "unclassified_bakers": 7,
  "non_attesting_bakers": 4,
  "dal_baking_power_percentage": 73.96956108782551,
  "total_baking_power": 409817855216063,
  "dal_baking_power": 303140468762862,
  "dal_participation_percentage": 63.08243727598566,
  "dal_adoption_percentage": 62.19081272084806
}