{
  "timestamp": "2025-08-13T12:40:48.721361",
  "cycle": 961,
  "total_bakers": 266,
  "dal_active_bakers": 183,
  "dal_inactive_bakers": 70,
  "unclassified_bakers": 10,
  "non_attesting_bakers": 3,
  "dal_baking_power_percentage": 86.8775894301795,
  "total_baking_power": 404342521927858,
  "dal_baking_power": 351283036092118,
  "dal_participation_percentage": 69.58174904942965,
  "dal_adoption_percentage": 68.796992481203
}