{
  "timestamp": "2026-01-30T19:09:31+00:00",
  "cycle": 1130,
  "total_bakers": 241,
  "dal_active_bakers": 199,
  "dal_inactive_bakers": 42,
  "unclassified_bakers": 0,
  "non_attesting_bakers": 0,
  "dal_baking_power_percentage": 88.37729541158834,
  "total_baking_power": 411070726694011.0,
  "dal_baking_power": 363293190480929.0,
  "dal_participation_percentage": 82.57261410788381,
  "dal_adoption_percentage": 82.57261410788381
}