{
  "timestamp": "2025-06-15T12:45:06.936104",
  "cycle": 902,
  "total_bakers": 282,
  "dal_active_bakers": 177,
  "dal_inactive_bakers": 96,
  "unclassified_bakers": 7,
  "non_attesting_bakers": 2,
  "dal_baking_power_percentage": 73.90963051387223,
  "total_baking_power": 409304902062095,
  "dal_baking_power": 302515740789261,
  "dal_participation_percentage": 63.21428571428571,
  "dal_adoption_percentage": 62.76595744680851
}