{
  "timestamp": "2026-06-21T22:31:40+00:00",
  "cycle": 1270,
  "total_bakers": 218,
  "dal_active_bakers": 190,
  "dal_inactive_bakers": 28,
  "unclassified_bakers": 0,
  "non_attesting_bakers": 0,
  "dal_baking_power_percentage": 89.13041915884354,
  "total_baking_power": 435513491133670.0,
  "dal_baking_power": 388175000140753.0,
  "dal_participation_percentage": 87.1559633027523,
  "dal_adoption_percentage": 87.1559633027523
}