{
  "timestamp": "2025-09-15T00:46:16.406107",
  "cycle": 993,
  "total_bakers": 259,
  "dal_active_bakers": 182,
  "dal_inactive_bakers": 65,
  "unclassified_bakers": 10,
  "non_attesting_bakers": 2,
  "dal_baking_power_percentage": 87.0955443637883,
  "total_baking_power": 411648342880169,
  "dal_baking_power": 358527365095997,
  "dal_participation_percentage": 70.8171206225681,
  "dal_adoption_percentage": 70.27027027027027
}