{
  "timestamp": "2025-09-12T12:44:33.890103",
  "cycle": 990,
  "total_bakers": 260,
  "dal_active_bakers": 183,
  "dal_inactive_bakers": 65,
  "unclassified_bakers": 9,
  "non_attesting_bakers": 3,
  "dal_baking_power_percentage": 87.21772428810293,
  "total_baking_power": 409741000611791,
  "dal_baking_power": 357366776208906,
  "dal_participation_percentage": 71.20622568093385,
  "dal_adoption_percentage": 70.38461538461539
}