{
  "timestamp": "2025-09-11T00:42:18.928307",
  "cycle": 989,
  "total_bakers": 262,
  "dal_active_bakers": 182,
  "dal_inactive_bakers": 66,
  "unclassified_bakers": 10,
  "non_attesting_bakers": 4,
  "dal_baking_power_percentage": 87.06582593492108,
  "total_baking_power": 410436336588123,
  "dal_baking_power": 357349786387482,
  "dal_participation_percentage": 70.54263565891473,
  "dal_adoption_percentage": 69.46564885496184
}