{
  "timestamp": "2025-09-07T06:44:41.086487",
  "cycle": 985,
  "total_bakers": 274,
  "dal_active_bakers": 184,
  "dal_inactive_bakers": 67,
  "unclassified_bakers": 7,
  "non_attesting_bakers": 16,
  "dal_baking_power_percentage": 87.12963688085313,
  "total_baking_power": 409709024473696,
  "dal_baking_power": 356977985292017,
  "dal_participation_percentage": 71.31782945736434,
  "dal_adoption_percentage": 67.15328467153284
}