{
  "timestamp": "2025-07-04T12:41:15.064160",
  "cycle": 921,
  "total_bakers": 276,
  "dal_active_bakers": 175,
  "dal_inactive_bakers": 89,
  "unclassified_bakers": 11,
  "non_attesting_bakers": 1,
  "dal_baking_power_percentage": 85.16277513755594,
  "total_baking_power": 408702443394654,
  "dal_baking_power": 348062342849886,
  "dal_participation_percentage": 63.63636363636363,
  "dal_adoption_percentage": 63.40579710144928
}