{
  "timestamp": "2025-05-17T00:30:49.862008",
  "cycle": 873,
  "total_bakers": 274,
  "dal_active_bakers": 128,
  "dal_inactive_bakers": 137,
  "unclassified_bakers": 6,
  "non_attesting_bakers": 3,
  "dal_baking_power_percentage": 45.18591670991311,
  "total_baking_power": 370911653752416,
  "dal_baking_power": 167599830931928,
  "dal_participation_percentage": 47.23247232472325,
  "dal_adoption_percentage": 46.715328467153284
}