{
  "timestamp": "2025-08-31T06:44:32.491978",
  "cycle": 978,
  "total_bakers": 264,
  "dal_active_bakers": 179,
  "dal_inactive_bakers": 70,
  "unclassified_bakers": 12,
  "non_attesting_bakers": 3,
  "dal_baking_power_percentage": 85.68715063061013,
  "total_baking_power": 408530446286277,
  "dal_baking_power": 350058098881226,
  "dal_participation_percentage": 68.5823754789272,
  "dal_adoption_percentage": 67.8030303030303
}