{
  "timestamp": "2025-09-21T06:36:02.834419",
  "cycle": 999,
  "total_bakers": 267,
  "dal_active_bakers": 176,
  "dal_inactive_bakers": 42,
  "unclassified_bakers": 43,
  "non_attesting_bakers": 6,
  "dal_baking_power_percentage": 87.22881452326983,
  "total_baking_power": 411469299228699,
  "dal_baking_power": 358919791844400,
  "dal_participation_percentage": 67.43295019157088,
  "dal_adoption_percentage": 65.91760299625467
}