{
  "timestamp": "2025-06-06T12:32:55.322818",
  "cycle": 893,
  "total_bakers": 280,
  "dal_active_bakers": 169,
  "dal_inactive_bakers": 105,
  "unclassified_bakers": 4,
  "non_attesting_bakers": 2,
  "dal_baking_power_percentage": 70.79537493266058,
  "total_baking_power": 409311028741079,
  "dal_baking_power": 289773277437977,
  "dal_participation_percentage": 60.79136690647482,
  "dal_adoption_percentage": 60.357142857142854
}