{
  "timestamp": "2025-08-06T18:42:54.889262",
  "cycle": 954,
  "total_bakers": 266,
  "dal_active_bakers": 176,
  "dal_inactive_bakers": 74,
  "unclassified_bakers": 13,
  "non_attesting_bakers": 3,
  "dal_baking_power_percentage": 84.9479113976656,
  "total_baking_power": 402263518812762,
  "dal_baking_power": 341714457546197,
  "dal_participation_percentage": 66.92015209125475,
  "dal_adoption_percentage": 66.16541353383458
}