{
  "timestamp": "2025-07-13T18:37:32.933447",
  "cycle": 930,
  "total_bakers": 276,
  "dal_active_bakers": 179,
  "dal_inactive_bakers": 86,
  "unclassified_bakers": 7,
  "non_attesting_bakers": 4,
  "dal_baking_power_percentage": 85.1978276195905,
  "total_baking_power": 407360627282128,
  "dal_baking_power": 347062405021910,
  "dal_participation_percentage": 65.80882352941177,
  "dal_adoption_percentage": 64.85507246376811
}