{
  "timestamp": "2025-07-11T00:38:10.970222",
  "cycle": 927,
  "total_bakers": 278,
  "dal_active_bakers": 175,
  "dal_inactive_bakers": 89,
  "unclassified_bakers": 11,
  "non_attesting_bakers": 3,
  "dal_baking_power_percentage": 84.93140155077533,
  "total_baking_power": 409579558945043,
  "dal_baking_power": 347861659877509,
  "dal_participation_percentage": 63.63636363636363,
  "dal_adoption_percentage": 62.94964028776978
}