{
  "timestamp": "2025-11-24T08:23:12+00:00",
  "cycle": 1063,
  "total_bakers": 259,
  "dal_active_bakers": 206,
  "dal_inactive_bakers": 53,
  "unclassified_bakers": 0,
  "non_attesting_bakers": 0,
  "dal_baking_power_percentage": 82.14017861770219,
  "total_baking_power": 410339573849731.0,
  "dal_baking_power": 337053658899287.0,
  "dal_participation_percentage": 79.53667953667953,
  "dal_adoption_percentage": 79.53667953667953
}