{
  "timestamp": "2025-04-27T00:28:28.771656",
  "cycle": 856,
  "total_bakers": 295,
  "dal_active_bakers": 71,
  "dal_inactive_bakers": 209,
  "unclassified_bakers": 10,
  "non_attesting_bakers": 5,
  "dal_baking_power_percentage": 30.541568150362675,
  "total_baking_power": 390017136846215,
  "dal_baking_power": 119117349647980,
  "dal_participation_percentage": 24.482758620689655,
  "dal_adoption_percentage": 24.06779661016949
}