{
  "timestamp": "2025-06-16T18:41:05.824210",
  "cycle": 903,
  "total_bakers": 284,
  "dal_active_bakers": 176,
  "dal_inactive_bakers": 97,
  "unclassified_bakers": 6,
  "non_attesting_bakers": 5,
  "dal_baking_power_percentage": 73.9203503027741,
  "total_baking_power": 409453495698060,
  "dal_baking_power": 302669458346960,
  "dal_participation_percentage": 63.08243727598566,
  "dal_adoption_percentage": 61.97183098591549
}