{
  "timestamp": "2025-08-17T00:40:24.623415",
  "cycle": 964,
  "total_bakers": 264,
  "dal_active_bakers": 182,
  "dal_inactive_bakers": 69,
  "unclassified_bakers": 11,
  "non_attesting_bakers": 2,
  "dal_baking_power_percentage": 86.82568407259616,
  "total_baking_power": 404815517549955,
  "dal_baking_power": 351483842344769,
  "dal_participation_percentage": 69.46564885496184,
  "dal_adoption_percentage": 68.93939393939394
}