{
  "timestamp": "2025-10-10T01:07:09.614989",
  "cycle": 1017,
  "total_bakers": 256,
  "dal_active_bakers": 187,
  "dal_inactive_bakers": 45,
  "unclassified_bakers": 18,
  "non_attesting_bakers": 6,
  "dal_baking_power_percentage": 87.88641293012492,
  "total_baking_power": 419572414435340,
  "dal_baking_power": 368747144691538,
  "dal_participation_percentage": 74.8,
  "dal_adoption_percentage": 73.046875
}