{
  "timestamp": "2026-05-30T13:21:31+00:00",
  "cycle": 1248,
  "total_bakers": 218,
  "dal_active_bakers": 188,
  "dal_inactive_bakers": 30,
  "unclassified_bakers": 0,
  "non_attesting_bakers": 0,
  "dal_baking_power_percentage": 88.99111336338815,
  "total_baking_power": 433805364334172.0,
  "dal_baking_power": 386048223551082.0,
  "dal_participation_percentage": 86.23853211009175,
  "dal_adoption_percentage": 86.23853211009175
}