{
  "timestamp": "2025-12-26T12:33:00+00:00",
  "cycle": 1095,
  "total_bakers": 262,
  "dal_active_bakers": 210,
  "dal_inactive_bakers": 52,
  "unclassified_bakers": 0,
  "non_attesting_bakers": 0,
  "dal_baking_power_percentage": 83.2118797379607,
  "total_baking_power": 411252620922614.0,
  "dal_baking_power": 342211036341337.0,
  "dal_participation_percentage": 80.1526717557252,
  "dal_adoption_percentage": 80.1526717557252
}