{
  "timestamp": "2025-06-21T00:38:45.664255",
  "cycle": 907,
  "total_bakers": 281,
  "dal_active_bakers": 173,
  "dal_inactive_bakers": 94,
  "unclassified_bakers": 12,
  "non_attesting_bakers": 2,
  "dal_baking_power_percentage": 74.96934373958976,
  "total_baking_power": 411757555568796,
  "dal_baking_power": 308691937208103,
  "dal_participation_percentage": 62.00716845878136,
  "dal_adoption_percentage": 61.56583629893239
}