{
  "timestamp": "2025-05-14T18:25:00.099376",
  "cycle": 871,
  "total_bakers": 277,
  "dal_active_bakers": 122,
  "dal_inactive_bakers": 128,
  "unclassified_bakers": 22,
  "non_attesting_bakers": 5,
  "dal_baking_power_percentage": 41.131754635923265,
  "total_baking_power": 406664673204169,
  "dal_baking_power": 167268315573318,
  "dal_participation_percentage": 44.85294117647059,
  "dal_adoption_percentage": 44.04332129963899
}