{
  "timestamp": "2025-06-19T12:39:11.867712",
  "cycle": 906,
  "total_bakers": 282,
  "dal_active_bakers": 173,
  "dal_inactive_bakers": 92,
  "unclassified_bakers": 15,
  "non_attesting_bakers": 2,
  "dal_baking_power_percentage": 74.79050799797795,
  "total_baking_power": 410084816719551,
  "dal_baking_power": 306704517647129,
  "dal_participation_percentage": 61.78571428571429,
  "dal_adoption_percentage": 61.347517730496456
}