{
  "timestamp": "2025-05-27T12:32:55.133210",
  "cycle": 883,
  "total_bakers": 278,
  "dal_active_bakers": 137,
  "dal_inactive_bakers": 135,
  "unclassified_bakers": 4,
  "non_attesting_bakers": 2,
  "dal_baking_power_percentage": 50.332043866336974,
  "total_baking_power": 406714486594369,
  "dal_baking_power": 204707713803425,
  "dal_participation_percentage": 49.63768115942029,
  "dal_adoption_percentage": 49.280575539568346
}