{
  "timestamp": "2025-07-14T06:30:42.166158",
  "cycle": 931,
  "total_bakers": 276,
  "dal_active_bakers": 177,
  "dal_inactive_bakers": 86,
  "unclassified_bakers": 10,
  "non_attesting_bakers": 3,
  "dal_baking_power_percentage": 85.02968292542468,
  "total_baking_power": 408357958304014,
  "dal_baking_power": 347225477146641,
  "dal_participation_percentage": 64.83516483516483,
  "dal_adoption_percentage": 64.13043478260869
}