{
  "timestamp": "2025-06-28T06:36:00.792461",
  "cycle": 915,
  "total_bakers": 282,
  "dal_active_bakers": 176,
  "dal_inactive_bakers": 94,
  "unclassified_bakers": 8,
  "non_attesting_bakers": 4,
  "dal_baking_power_percentage": 74.89055674123884,
  "total_baking_power": 408351555487614,
  "dal_baking_power": 305816753366183,
  "dal_participation_percentage": 63.30935251798561,
  "dal_adoption_percentage": 62.4113475177305
}