{
  "timestamp": "2025-07-12T00:39:59.761297",
  "cycle": 928,
  "total_bakers": 280,
  "dal_active_bakers": 176,
  "dal_inactive_bakers": 89,
  "unclassified_bakers": 8,
  "non_attesting_bakers": 7,
  "dal_baking_power_percentage": 84.9838537919974,
  "total_baking_power": 408883276267520,
  "dal_baking_power": 347484765683118,
  "dal_participation_percentage": 64.46886446886447,
  "dal_adoption_percentage": 62.857142857142854
}