{
  "timestamp": "2025-11-01T13:33:41.950843",
  "cycle": 1040,
  "total_bakers": 259,
  "dal_active_bakers": 182,
  "dal_inactive_bakers": 40,
  "unclassified_bakers": 29,
  "non_attesting_bakers": 8,
  "dal_baking_power_percentage": 87.34343687848357,
  "total_baking_power": 410770057941851,
  "dal_baking_power": 358780686274151,
  "dal_participation_percentage": 72.50996015936255,
  "dal_adoption_percentage": 70.27027027027027
}