{
  "timestamp": "2025-07-04T18:41:03.616675",
  "cycle": 921,
  "total_bakers": 276,
  "dal_active_bakers": 176,
  "dal_inactive_bakers": 89,
  "unclassified_bakers": 10,
  "non_attesting_bakers": 1,
  "dal_baking_power_percentage": 85.16526812548705,
  "total_baking_power": 408702443394654,
  "dal_baking_power": 348072531752474,
  "dal_participation_percentage": 64.0,
  "dal_adoption_percentage": 63.76811594202898
}