{
  "timestamp": "2025-08-02T12:44:36.074485",
  "cycle": 950,
  "total_bakers": 266,
  "dal_active_bakers": 170,
  "dal_inactive_bakers": 82,
  "unclassified_bakers": 13,
  "non_attesting_bakers": 1,
  "dal_baking_power_percentage": 84.8871350699276,
  "total_baking_power": 402610995291192,
  "dal_baking_power": 341764939379214,
  "dal_participation_percentage": 64.15094339622641,
  "dal_adoption_percentage": 63.90977443609023
}