{
  "timestamp": "2025-09-02T18:36:29.460565",
  "cycle": 981,
  "total_bakers": 259,
  "dal_active_bakers": 176,
  "dal_inactive_bakers": 69,
  "unclassified_bakers": 11,
  "non_attesting_bakers": 3,
  "dal_baking_power_percentage": 85.66258728273732,
  "total_baking_power": 408909596679199,
  "dal_baking_power": 350282540162808,
  "dal_participation_percentage": 68.75,
  "dal_adoption_percentage": 67.95366795366795
}