{
  "timestamp": "2025-07-09T00:39:46.539113",
  "cycle": 925,
  "total_bakers": 277,
  "dal_active_bakers": 174,
  "dal_inactive_bakers": 89,
  "unclassified_bakers": 8,
  "non_attesting_bakers": 6,
  "dal_baking_power_percentage": 85.21398070569914,
  "total_baking_power": 408730196111878,
  "dal_baking_power": 348295270453142,
  "dal_participation_percentage": 64.20664206642066,
  "dal_adoption_percentage": 62.8158844765343
}