{
  "timestamp": "2026-02-02T20:07:22+00:00",
  "cycle": 1133,
  "total_bakers": 245,
  "dal_active_bakers": 202,
  "dal_inactive_bakers": 43,
  "unclassified_bakers": 0,
  "non_attesting_bakers": 0,
  "dal_baking_power_percentage": 88.06023542128376,
  "total_baking_power": 412476185997473.0,
  "dal_baking_power": 363227500446107.0,
  "dal_participation_percentage": 82.44897959183673,
  "dal_adoption_percentage": 82.44897959183673
}