{
  "timestamp": "2026-03-20T11:55:10+00:00",
  "cycle": 1178,
  "total_bakers": 247,
  "dal_active_bakers": 212,
  "dal_inactive_bakers": 35,
  "unclassified_bakers": 0,
  "non_attesting_bakers": 0,
  "dal_baking_power_percentage": 88.78725965143818,
  "total_baking_power": 428038532042606.0,
  "dal_baking_power": 380043682852873.0,
  "dal_participation_percentage": 85.82995951417004,
  "dal_adoption_percentage": 85.82995951417004
}