{
  "timestamp": "2025-08-16T12:34:06.130069",
  "cycle": 964,
  "total_bakers": 263,
  "dal_active_bakers": 181,
  "dal_inactive_bakers": 69,
  "unclassified_bakers": 12,
  "non_attesting_bakers": 1,
  "dal_baking_power_percentage": 86.8241029993733,
  "total_baking_power": 404815517549955,
  "dal_baking_power": 351477441915019,
  "dal_participation_percentage": 69.08396946564885,
  "dal_adoption_percentage": 68.8212927756654
}