{
  "timestamp": "2025-09-09T12:32:51.264775",
  "cycle": 986,
  "total_bakers": 276,
  "dal_active_bakers": 183,
  "dal_inactive_bakers": 68,
  "unclassified_bakers": 9,
  "non_attesting_bakers": 16,
  "dal_baking_power_percentage": 87.00332616612062,
  "total_baking_power": 410630134023661,
  "dal_baking_power": 357261874840984,
  "dal_participation_percentage": 70.38461538461539,
  "dal_adoption_percentage": 66.30434782608695
}