{
  "timestamp": "2025-10-17T13:15:31.674606",
  "cycle": 1025,
  "total_bakers": 306,
  "dal_active_bakers": 187,
  "dal_inactive_bakers": 44,
  "unclassified_bakers": 21,
  "non_attesting_bakers": 54,
  "dal_baking_power_percentage": 87.76441376139552,
  "total_baking_power": 419627903604797,
  "dal_baking_power": 368283969577984,
  "dal_participation_percentage": 74.20634920634922,
  "dal_adoption_percentage": 61.111111111111114
}