{
  "timestamp": "2025-11-19T07:18:24+00:00",
  "cycle": 1058,
  "total_bakers": 261,
  "dal_active_bakers": 206,
  "dal_inactive_bakers": 55,
  "unclassified_bakers": 0,
  "non_attesting_bakers": 0,
  "dal_baking_power_percentage": 82.48676822134995,
  "total_baking_power": 406191546044995.0,
  "dal_baking_power": 335054279120853.0,
  "dal_participation_percentage": 78.9272030651341,
  "dal_adoption_percentage": 78.9272030651341
}