{
  "timestamp": "2025-08-09T06:42:07.476832",
  "cycle": 956,
  "total_bakers": 264,
  "dal_active_bakers": 182,
  "dal_inactive_bakers": 72,
  "unclassified_bakers": 7,
  "non_attesting_bakers": 3,
  "dal_baking_power_percentage": 86.49260780307053,
  "total_baking_power": 401936846903102,
  "dal_baking_power": 347645660607928,
  "dal_participation_percentage": 69.73180076628353,
  "dal_adoption_percentage": 68.93939393939394
}