{
  "timestamp": "2025-07-06T12:38:28.647998",
  "cycle": 923,
  "total_bakers": 273,
  "dal_active_bakers": 174,
  "dal_inactive_bakers": 90,
  "unclassified_bakers": 7,
  "non_attesting_bakers": 2,
  "dal_baking_power_percentage": 85.2287530839614,
  "total_baking_power": 407979148353541,
  "dal_baking_power": 347715540984288,
  "dal_participation_percentage": 64.20664206642066,
  "dal_adoption_percentage": 63.73626373626373
}