{
  "timestamp": "2026-05-21T10:55:28+00:00",
  "cycle": 1239,
  "total_bakers": 226,
  "dal_active_bakers": 195,
  "dal_inactive_bakers": 31,
  "unclassified_bakers": 0,
  "non_attesting_bakers": 0,
  "dal_baking_power_percentage": 88.06222156095554,
  "total_baking_power": 411582793377524.0,
  "dal_baking_power": 362448951410885.0,
  "dal_participation_percentage": 86.28318584070797,
  "dal_adoption_percentage": 86.28318584070797
}