{
  "timestamp": "2025-08-16T06:43:46.249077",
  "cycle": 963,
  "total_bakers": 266,
  "dal_active_bakers": 179,
  "dal_inactive_bakers": 70,
  "unclassified_bakers": 14,
  "non_attesting_bakers": 3,
  "dal_baking_power_percentage": 86.7966053589216,
  "total_baking_power": 404689333426853,
  "dal_baking_power": 351256603664156,
  "dal_participation_percentage": 68.06083650190115,
  "dal_adoption_percentage": 67.29323308270678
}