{
  "timestamp": "2025-11-18T07:15:24+00:00",
  "cycle": 1057,
  "total_bakers": 264,
  "dal_active_bakers": 205,
  "dal_inactive_bakers": 59,
  "unclassified_bakers": 0,
  "non_attesting_bakers": 0,
  "dal_baking_power_percentage": 82.45419748560006,
  "total_baking_power": 406326737932666.0,
  "dal_baking_power": 335033450931797.0,
  "dal_participation_percentage": 77.65151515151516,
  "dal_adoption_percentage": 77.65151515151516
}