{
  "timestamp": "2025-09-27T18:59:25.103374",
  "cycle": 1005,
  "total_bakers": 249,
  "dal_active_bakers": 182,
  "dal_inactive_bakers": 42,
  "unclassified_bakers": 14,
  "non_attesting_bakers": 11,
  "dal_baking_power_percentage": 88.04636499363173,
  "total_baking_power": 410836122267309,
  "dal_baking_power": 361726271737158,
  "dal_participation_percentage": 76.47058823529412,
  "dal_adoption_percentage": 73.09236947791165
}