{
  "timestamp": "2025-06-21T18:38:17.628170",
  "cycle": 908,
  "total_bakers": 281,
  "dal_active_bakers": 175,
  "dal_inactive_bakers": 93,
  "unclassified_bakers": 9,
  "non_attesting_bakers": 4,
  "dal_baking_power_percentage": 75.0140467244034,
  "total_baking_power": 411620712717431,
  "dal_baking_power": 308773353765176,
  "dal_participation_percentage": 63.1768953068592,
  "dal_adoption_percentage": 62.27758007117438
}