{
  "timestamp": "2025-08-26T06:42:09.175402",
  "cycle": 973,
  "total_bakers": 262,
  "dal_active_bakers": 183,
  "dal_inactive_bakers": 68,
  "unclassified_bakers": 8,
  "non_attesting_bakers": 3,
  "dal_baking_power_percentage": 87.02412498852995,
  "total_baking_power": 406142805229044,
  "dal_baking_power": 353442222454445,
  "dal_participation_percentage": 70.65637065637065,
  "dal_adoption_percentage": 69.8473282442748
}