{
  "timestamp": "2025-08-15T12:39:25.694313",
  "cycle": 963,
  "total_bakers": 266,
  "dal_active_bakers": 178,
  "dal_inactive_bakers": 70,
  "unclassified_bakers": 15,
  "non_attesting_bakers": 3,
  "dal_baking_power_percentage": 82.07073204074065,
  "total_baking_power": 404689333426853,
  "dal_baking_power": 332131498434212,
  "dal_participation_percentage": 67.68060836501901,
  "dal_adoption_percentage": 66.9172932330827
}