{
  "timestamp": "2025-10-31T13:37:15.758162",
  "cycle": 1039,
  "total_bakers": 257,
  "dal_active_bakers": 182,
  "dal_inactive_bakers": 39,
  "unclassified_bakers": 30,
  "non_attesting_bakers": 6,
  "dal_baking_power_percentage": 87.31840371983976,
  "total_baking_power": 409998413986453,
  "dal_baking_power": 358004070369631,
  "dal_participation_percentage": 72.50996015936255,
  "dal_adoption_percentage": 70.8171206225681
}