{
  "timestamp": "2025-06-22T00:38:21.481602",
  "cycle": 908,
  "total_bakers": 283,
  "dal_active_bakers": 175,
  "dal_inactive_bakers": 93,
  "unclassified_bakers": 9,
  "non_attesting_bakers": 6,
  "dal_baking_power_percentage": 75.0140467244034,
  "total_baking_power": 411620712717431,
  "dal_baking_power": 308773353765176,
  "dal_participation_percentage": 63.1768953068592,
  "dal_adoption_percentage": 61.83745583038869
}