{
  "timestamp": "2025-07-02T12:39:50.312467",
  "cycle": 919,
  "total_bakers": 280,
  "dal_active_bakers": 177,
  "dal_inactive_bakers": 90,
  "unclassified_bakers": 10,
  "non_attesting_bakers": 3,
  "dal_baking_power_percentage": 85.1804182708089,
  "total_baking_power": 408661664109785,
  "dal_baking_power": 348099714801163,
  "dal_participation_percentage": 63.898916967509024,
  "dal_adoption_percentage": 63.21428571428571
}