{
  "timestamp": "2025-10-23T19:24:12.955907",
  "cycle": 1031,
  "total_bakers": 251,
  "dal_active_bakers": 185,
  "dal_inactive_bakers": 44,
  "unclassified_bakers": 20,
  "non_attesting_bakers": 2,
  "dal_baking_power_percentage": 87.51525826379422,
  "total_baking_power": 411712008733857,
  "dal_baking_power": 360310827746490,
  "dal_participation_percentage": 74.29718875502009,
  "dal_adoption_percentage": 73.70517928286853
}