{
  "timestamp": "2025-11-02T19:39:17.466795",
  "cycle": 1041,
  "total_bakers": 257,
  "dal_active_bakers": 184,
  "dal_inactive_bakers": 39,
  "unclassified_bakers": 26,
  "non_attesting_bakers": 8,
  "dal_baking_power_percentage": 86.26877169783556,
  "total_baking_power": 411681316069127,
  "dal_baking_power": 355152414682320,
  "dal_participation_percentage": 73.89558232931726,
  "dal_adoption_percentage": 71.59533073929961
}