{
  "timestamp": "2025-08-03T18:45:57.543486",
  "cycle": 951,
  "total_bakers": 268,
  "dal_active_bakers": 172,
  "dal_inactive_bakers": 81,
  "unclassified_bakers": 12,
  "non_attesting_bakers": 3,
  "dal_baking_power_percentage": 84.82558137223046,
  "total_baking_power": 401072121728223,
  "dal_baking_power": 340211758977905,
  "dal_participation_percentage": 64.90566037735849,
  "dal_adoption_percentage": 64.17910447761194
}