{
  "timestamp": "2025-09-25T18:21:33.766771",
  "cycle": 1004,
  "total_bakers": 244,
  "dal_active_bakers": 172,
  "dal_inactive_bakers": 39,
  "unclassified_bakers": 26,
  "non_attesting_bakers": 7,
  "dal_baking_power_percentage": 84.28311122928346,
  "total_baking_power": 410406864995605,
  "dal_baking_power": 345903674516861,
  "dal_participation_percentage": 72.57383966244726,
  "dal_adoption_percentage": 70.49180327868852
}