{
  "timestamp": "2025-06-27T18:40:02.646379",
  "cycle": 914,
  "total_bakers": 282,
  "dal_active_bakers": 178,
  "dal_inactive_bakers": 91,
  "unclassified_bakers": 7,
  "non_attesting_bakers": 6,
  "dal_baking_power_percentage": 75.53728878821097,
  "total_baking_power": 409205423703762,
  "dal_baking_power": 309102682640133,
  "dal_participation_percentage": 64.4927536231884,
  "dal_adoption_percentage": 63.12056737588653
}