{
  "timestamp": "2025-07-28T18:42:20.226516",
  "cycle": 945,
  "total_bakers": 272,
  "dal_active_bakers": 173,
  "dal_inactive_bakers": 80,
  "unclassified_bakers": 12,
  "non_attesting_bakers": 7,
  "dal_baking_power_percentage": 84.69959825358951,
  "total_baking_power": 400269299736059,
  "dal_baking_power": 339026488808898,
  "dal_participation_percentage": 65.28301886792453,
  "dal_adoption_percentage": 63.60294117647059
}