{
  "timestamp": "2025-06-23T18:35:52.633621",
  "cycle": 910,
  "total_bakers": 280,
  "dal_active_bakers": 171,
  "dal_inactive_bakers": 90,
  "unclassified_bakers": 10,
  "non_attesting_bakers": 9,
  "dal_baking_power_percentage": 75.33097737455778,
  "total_baking_power": 409595155353171,
  "dal_baking_power": 308552033806382,
  "dal_participation_percentage": 63.09963099630996,
  "dal_adoption_percentage": 61.07142857142858
}