{
  "timestamp": "2025-05-17T18:32:50.557544",
  "cycle": 873,
  "total_bakers": 278,
  "dal_active_bakers": 129,
  "dal_inactive_bakers": 140,
  "unclassified_bakers": 6,
  "non_attesting_bakers": 3,
  "dal_baking_power_percentage": 47.79686543368374,
  "total_baking_power": 389679568842352,
  "dal_baking_power": 186254619142138,
  "dal_participation_percentage": 46.909090909090914,
  "dal_adoption_percentage": 46.402877697841724
}