{
  "timestamp": "2025-05-01T00:37:02.531359",
  "cycle": 857,
  "total_bakers": 294,
  "dal_active_bakers": 80,
  "dal_inactive_bakers": 203,
  "unclassified_bakers": 7,
  "non_attesting_bakers": 4,
  "dal_baking_power_percentage": 30.550070549285902,
  "total_baking_power": 388557779442888,
  "dal_baking_power": 118704675744541,
  "dal_participation_percentage": 27.586206896551722,
  "dal_adoption_percentage": 27.2108843537415
}