{
  "timestamp": "2025-06-13T12:39:34.885873",
  "cycle": 900,
  "total_bakers": 283,
  "dal_active_bakers": 175,
  "dal_inactive_bakers": 98,
  "unclassified_bakers": 8,
  "non_attesting_bakers": 2,
  "dal_baking_power_percentage": 74.01855649001521,
  "total_baking_power": 410644840246767,
  "dal_baking_power": 303953383051386,
  "dal_participation_percentage": 62.27758007117438,
  "dal_adoption_percentage": 61.83745583038869
}