{
  "timestamp": "2025-10-06T01:01:33.861786",
  "cycle": 1014,
  "total_bakers": 252,
  "dal_active_bakers": 184,
  "dal_inactive_bakers": 46,
  "unclassified_bakers": 19,
  "non_attesting_bakers": 3,
  "dal_baking_power_percentage": 87.97075005126858,
  "total_baking_power": 419029191052936,
  "dal_baking_power": 368623122303031,
  "dal_participation_percentage": 73.89558232931726,
  "dal_adoption_percentage": 73.01587301587301
}