{
  "timestamp": "2026-07-09T13:18:43+00:00",
  "cycle": 1287,
  "total_bakers": 198,
  "dal_active_bakers": 170,
  "dal_inactive_bakers": 28,
  "unclassified_bakers": 0,
  "non_attesting_bakers": 0,
  "dal_baking_power_percentage": 86.15895667927364,
  "total_baking_power": 427251430227932.0,
  "dal_baking_power": 368115374681661.0,
  "dal_participation_percentage": 85.85858585858585,
  "dal_adoption_percentage": 85.85858585858585
}