{
  "timestamp": "2025-11-02T01:34:14.892684",
  "cycle": 1040,
  "total_bakers": 260,
  "dal_active_bakers": 184,
  "dal_inactive_bakers": 41,
  "unclassified_bakers": 26,
  "non_attesting_bakers": 9,
  "dal_baking_power_percentage": 87.40834413773551,
  "total_baking_power": 410654942879814,
  "dal_baking_power": 358946685691009,
  "dal_participation_percentage": 73.30677290836654,
  "dal_adoption_percentage": 70.76923076923077
}