{
  "timestamp": "2025-10-16T07:13:52.023071",
  "cycle": 1024,
  "total_bakers": 304,
  "dal_active_bakers": 190,
  "dal_inactive_bakers": 45,
  "unclassified_bakers": 17,
  "non_attesting_bakers": 52,
  "dal_baking_power_percentage": 87.87196749406321,
  "total_baking_power": 420142506313353,
  "dal_baking_power": 369187486576412,
  "dal_participation_percentage": 75.39682539682539,
  "dal_adoption_percentage": 62.5
}