{
  "timestamp": "2025-07-07T00:38:32.869605",
  "cycle": 923,
  "total_bakers": 274,
  "dal_active_bakers": 175,
  "dal_inactive_bakers": 90,
  "unclassified_bakers": 7,
  "non_attesting_bakers": 2,
  "dal_baking_power_percentage": 85.24779169548242,
  "total_baking_power": 408505669966702,
  "dal_baking_power": 348242062597449,
  "dal_participation_percentage": 64.33823529411765,
  "dal_adoption_percentage": 63.868613138686136
}