{
  "timestamp": "2025-09-05T12:42:57.702770",
  "cycle": 983,
  "total_bakers": 273,
  "dal_active_bakers": 180,
  "dal_inactive_bakers": 68,
  "unclassified_bakers": 7,
  "non_attesting_bakers": 18,
  "dal_baking_power_percentage": 87.10817426388526,
  "total_baking_power": 409273229600444,
  "dal_baking_power": 356510438055786,
  "dal_participation_percentage": 70.58823529411765,
  "dal_adoption_percentage": 65.93406593406593
}