{
  "timestamp": "2026-07-14T16:13:37+00:00",
  "cycle": 1292,
  "total_bakers": 195,
  "dal_active_bakers": 166,
  "dal_inactive_bakers": 29,
  "unclassified_bakers": 0,
  "non_attesting_bakers": 0,
  "dal_baking_power_percentage": 75.86547176948383,
  "total_baking_power": 436606669321157.0,
  "dal_baking_power": 331233709457526.0,
  "dal_participation_percentage": 85.12820512820512,
  "dal_adoption_percentage": 85.12820512820512
}