{
  "timestamp": "2026-07-12T14:56:52+00:00",
  "cycle": 1290,
  "total_bakers": 196,
  "dal_active_bakers": 169,
  "dal_inactive_bakers": 27,
  "unclassified_bakers": 0,
  "non_attesting_bakers": 0,
  "dal_baking_power_percentage": 87.7719630093574,
  "total_baking_power": 430007407510883.0,
  "dal_baking_power": 377425942657949.0,
  "dal_participation_percentage": 86.22448979591837,
  "dal_adoption_percentage": 86.22448979591837
}