{
  "timestamp": "2026-03-04T07:43:04+00:00",
  "cycle": 1162,
  "total_bakers": 247,
  "dal_active_bakers": 205,
  "dal_inactive_bakers": 42,
  "unclassified_bakers": 0,
  "non_attesting_bakers": 0,
  "dal_baking_power_percentage": 88.63563960107524,
  "total_baking_power": 419088874880950.0,
  "dal_baking_power": 371462104747680.0,
  "dal_participation_percentage": 82.99595141700405,
  "dal_adoption_percentage": 82.99595141700405
}