{
  "timestamp": "2025-05-21T18:34:02.672395",
  "cycle": 877,
  "total_bakers": 277,
  "dal_active_bakers": 134,
  "dal_inactive_bakers": 133,
  "unclassified_bakers": 5,
  "non_attesting_bakers": 5,
  "dal_baking_power_percentage": 49.74083574835571,
  "total_baking_power": 404981157168249,
  "dal_baking_power": 201441012198849,
  "dal_participation_percentage": 49.26470588235294,
  "dal_adoption_percentage": 48.375451263537904
}