{
  "timestamp": "2025-09-04T18:42:05.714166",
  "cycle": 983,
  "total_bakers": 272,
  "dal_active_bakers": 178,
  "dal_inactive_bakers": 67,
  "unclassified_bakers": 9,
  "non_attesting_bakers": 18,
  "dal_baking_power_percentage": 87.09448451407967,
  "total_baking_power": 408992817217637,
  "dal_baking_power": 356210185855313,
  "dal_participation_percentage": 70.07874015748031,
  "dal_adoption_percentage": 65.44117647058823
}