{
  "timestamp": "2025-06-27T06:36:05.509930",
  "cycle": 914,
  "total_bakers": 281,
  "dal_active_bakers": 174,
  "dal_inactive_bakers": 90,
  "unclassified_bakers": 11,
  "non_attesting_bakers": 6,
  "dal_baking_power_percentage": 75.48426209828423,
  "total_baking_power": 409161408115677,
  "dal_baking_power": 308852469707068,
  "dal_participation_percentage": 63.272727272727266,
  "dal_adoption_percentage": 61.92170818505338
}