{
  "timestamp": "2025-06-29T06:32:05.304780",
  "cycle": 916,
  "total_bakers": 282,
  "dal_active_bakers": 173,
  "dal_inactive_bakers": 95,
  "unclassified_bakers": 8,
  "non_attesting_bakers": 6,
  "dal_baking_power_percentage": 74.92651612791093,
  "total_baking_power": 408455409544127,
  "dal_baking_power": 306041408307405,
  "dal_participation_percentage": 62.68115942028986,
  "dal_adoption_percentage": 61.347517730496456
}