{
  "timestamp": "2025-10-13T13:09:40.818892",
  "cycle": 1021,
  "total_bakers": 301,
  "dal_active_bakers": 189,
  "dal_inactive_bakers": 46,
  "unclassified_bakers": 16,
  "non_attesting_bakers": 50,
  "dal_baking_power_percentage": 87.91533810794063,
  "total_baking_power": 418935782647027,
  "dal_baking_power": 368308809769281,
  "dal_participation_percentage": 75.2988047808765,
  "dal_adoption_percentage": 62.7906976744186
}