{
  "timestamp": "2026-06-10T20:01:52+00:00",
  "cycle": 1259,
  "total_bakers": 217,
  "dal_active_bakers": 189,
  "dal_inactive_bakers": 28,
  "unclassified_bakers": 0,
  "non_attesting_bakers": 0,
  "dal_baking_power_percentage": 89.03182013441443,
  "total_baking_power": 433722866625567.0,
  "dal_baking_power": 386151362495901.0,
  "dal_participation_percentage": 87.09677419354838,
  "dal_adoption_percentage": 87.09677419354838
}