{
  "timestamp": "2025-10-17T01:17:53.758943",
  "cycle": 1024,
  "total_bakers": 306,
  "dal_active_bakers": 190,
  "dal_inactive_bakers": 45,
  "unclassified_bakers": 17,
  "non_attesting_bakers": 54,
  "dal_baking_power_percentage": 87.87711683863249,
  "total_baking_power": 420320967039602,
  "dal_baking_power": 369365947302661,
  "dal_participation_percentage": 75.39682539682539,
  "dal_adoption_percentage": 62.091503267973856
}