{
  "timestamp": "2025-07-31T06:40:10.624448",
  "cycle": 947,
  "total_bakers": 271,
  "dal_active_bakers": 174,
  "dal_inactive_bakers": 83,
  "unclassified_bakers": 8,
  "non_attesting_bakers": 6,
  "dal_baking_power_percentage": 84.90933740697726,
  "total_baking_power": 401128848212999,
  "dal_baking_power": 340595847165897,
  "dal_participation_percentage": 65.66037735849056,
  "dal_adoption_percentage": 64.20664206642066
}