{
  "timestamp": "2025-10-24T19:24:56.076981",
  "cycle": 1032,
  "total_bakers": 251,
  "dal_active_bakers": 184,
  "dal_inactive_bakers": 44,
  "unclassified_bakers": 22,
  "non_attesting_bakers": 1,
  "dal_baking_power_percentage": 87.51629401038403,
  "total_baking_power": 412055614808439,
  "dal_baking_power": 360615803342049,
  "dal_participation_percentage": 73.6,
  "dal_adoption_percentage": 73.30677290836654
}