{
  "timestamp": "2026-05-29T13:11:37+00:00",
  "cycle": 1247,
  "total_bakers": 220,
  "dal_active_bakers": 189,
  "dal_inactive_bakers": 31,
  "unclassified_bakers": 0,
  "non_attesting_bakers": 0,
  "dal_baking_power_percentage": 89.02484277682198,
  "total_baking_power": 433602378327643.0,
  "dal_baking_power": 386013835582745.0,
  "dal_participation_percentage": 85.9090909090909,
  "dal_adoption_percentage": 85.9090909090909
}