{
  "timestamp": "2025-08-11T00:43:20.639057",
  "cycle": 958,
  "total_bakers": 267,
  "dal_active_bakers": 180,
  "dal_inactive_bakers": 69,
  "unclassified_bakers": 11,
  "non_attesting_bakers": 7,
  "dal_baking_power_percentage": 86.64545437245987,
  "total_baking_power": 401772157252347,
  "dal_baking_power": 348117311193330,
  "dal_participation_percentage": 69.23076923076923,
  "dal_adoption_percentage": 67.41573033707866
}