{
  "timestamp": "2025-09-05T18:43:05.942312",
  "cycle": 984,
  "total_bakers": 273,
  "dal_active_bakers": 183,
  "dal_inactive_bakers": 66,
  "unclassified_bakers": 8,
  "non_attesting_bakers": 16,
  "dal_baking_power_percentage": 87.1194535938798,
  "total_baking_power": 409845976722848,
  "dal_baking_power": 357055575497445,
  "dal_participation_percentage": 71.20622568093385,
  "dal_adoption_percentage": 67.03296703296702
}