{
  "timestamp": "2026-06-05T18:45:34+00:00",
  "cycle": 1254,
  "total_bakers": 238,
  "dal_active_bakers": 188,
  "dal_inactive_bakers": 50,
  "unclassified_bakers": 0,
  "non_attesting_bakers": 0,
  "dal_baking_power_percentage": 89.10418327521138,
  "total_baking_power": 434749150949370.0,
  "dal_baking_power": 387379680249352.0,
  "dal_participation_percentage": 78.99159663865547,
  "dal_adoption_percentage": 78.99159663865547
}