{
  "timestamp": "2025-09-30T00:53:24.346580",
  "cycle": 1008,
  "total_bakers": 249,
  "dal_active_bakers": 184,
  "dal_inactive_bakers": 48,
  "unclassified_bakers": 14,
  "non_attesting_bakers": 3,
  "dal_baking_power_percentage": 87.78741391731194,
  "total_baking_power": 412050052117830,
  "dal_baking_power": 361728084799179,
  "dal_participation_percentage": 74.79674796747967,
  "dal_adoption_percentage": 73.89558232931726
}