{
  "timestamp": "2025-09-10T06:43:52.000506",
  "cycle": 988,
  "total_bakers": 264,
  "dal_active_bakers": 182,
  "dal_inactive_bakers": 67,
  "unclassified_bakers": 11,
  "non_attesting_bakers": 4,
  "dal_baking_power_percentage": 86.95260188272279,
  "total_baking_power": 410708796593782,
  "dal_baking_power": 357121984799513,
  "dal_participation_percentage": 70.0,
  "dal_adoption_percentage": 68.93939393939394
}