{
  "timestamp": "2025-09-19T12:38:49.850474",
  "cycle": 997,
  "total_bakers": 267,
  "dal_active_bakers": 189,
  "dal_inactive_bakers": 62,
  "unclassified_bakers": 7,
  "non_attesting_bakers": 9,
  "dal_baking_power_percentage": 87.29169912537238,
  "total_baking_power": 411813854323043,
  "dal_baking_power": 359479310672270,
  "dal_participation_percentage": 73.25581395348837,
  "dal_adoption_percentage": 70.78651685393258
}