{
  "timestamp": "2025-10-22T07:16:22.250942",
  "cycle": 1030,
  "total_bakers": 250,
  "dal_active_bakers": 185,
  "dal_inactive_bakers": 43,
  "unclassified_bakers": 21,
  "non_attesting_bakers": 1,
  "dal_baking_power_percentage": 82.79646193174767,
  "total_baking_power": 411641625196939,
  "dal_baking_power": 340824701501411,
  "dal_participation_percentage": 74.29718875502009,
  "dal_adoption_percentage": 74.0
}