{
  "timestamp": "2025-09-19T00:38:17.332637",
  "cycle": 997,
  "total_bakers": 264,
  "dal_active_bakers": 188,
  "dal_inactive_bakers": 62,
  "unclassified_bakers": 8,
  "non_attesting_bakers": 6,
  "dal_baking_power_percentage": 87.21726541591089,
  "total_baking_power": 411813854323043,
  "dal_baking_power": 359172782344421,
  "dal_participation_percentage": 72.86821705426357,
  "dal_adoption_percentage": 71.21212121212122
}