{
  "timestamp": "2025-10-04T19:10:46.109818",
  "cycle": 1012,
  "total_bakers": 251,
  "dal_active_bakers": 188,
  "dal_inactive_bakers": 45,
  "unclassified_bakers": 17,
  "non_attesting_bakers": 1,
  "dal_baking_power_percentage": 87.82655707524373,
  "total_baking_power": 415377952188718,
  "dal_baking_power": 364812154257003,
  "dal_participation_percentage": 75.2,
  "dal_adoption_percentage": 74.9003984063745
}