{
  "timestamp": "2025-05-22T00:28:08.336936",
  "cycle": 878,
  "total_bakers": 276,
  "dal_active_bakers": 135,
  "dal_inactive_bakers": 133,
  "unclassified_bakers": 5,
  "non_attesting_bakers": 3,
  "dal_baking_power_percentage": 49.693259408369904,
  "total_baking_power": 405663742283764,
  "dal_baking_power": 201587535778772,
  "dal_participation_percentage": 49.45054945054945,
  "dal_adoption_percentage": 48.91304347826087
}