{
  "timestamp": "2025-06-15T06:42:22.542820",
  "cycle": 902,
  "total_bakers": 282,
  "dal_active_bakers": 176,
  "dal_inactive_bakers": 96,
  "unclassified_bakers": 8,
  "non_attesting_bakers": 2,
  "dal_baking_power_percentage": 73.88564209843514,
  "total_baking_power": 409304902062095,
  "dal_baking_power": 302417555028950,
  "dal_participation_percentage": 62.857142857142854,
  "dal_adoption_percentage": 62.4113475177305
}