{
  "timestamp": "2026-02-14T22:44:46+00:00",
  "cycle": 1145,
  "total_bakers": 248,
  "dal_active_bakers": 202,
  "dal_inactive_bakers": 46,
  "unclassified_bakers": 0,
  "non_attesting_bakers": 0,
  "dal_baking_power_percentage": 87.8885172706347,
  "total_baking_power": 419192239928270.0,
  "dal_baking_power": 368421844186518.0,
  "dal_participation_percentage": 81.45161290322581,
  "dal_adoption_percentage": 81.45161290322581
}