{
  "timestamp": "2026-07-21T18:34:19+00:00",
  "cycle": 1299,
  "total_bakers": 196,
  "dal_active_bakers": 171,
  "dal_inactive_bakers": 25,
  "unclassified_bakers": 0,
  "non_attesting_bakers": 0,
  "dal_baking_power_percentage": 88.88588977497437,
  "total_baking_power": 436255758691967.0,
  "dal_baking_power": 387769812807920.0,
  "dal_participation_percentage": 87.24489795918367,
  "dal_adoption_percentage": 87.24489795918367
}