{
  "timestamp": "2025-10-25T07:17:21.381085",
  "cycle": 1033,
  "total_bakers": 251,
  "dal_active_bakers": 183,
  "dal_inactive_bakers": 40,
  "unclassified_bakers": 25,
  "non_attesting_bakers": 3,
  "dal_baking_power_percentage": 87.47357886765545,
  "total_baking_power": 412282511678089,
  "dal_baking_power": 360638268010284,
  "dal_participation_percentage": 73.79032258064517,
  "dal_adoption_percentage": 72.90836653386454
}