{
  "timestamp": "2025-05-11T06:29:10.760526",
  "cycle": 867,
  "total_bakers": 274,
  "dal_active_bakers": 125,
  "dal_inactive_bakers": 139,
  "unclassified_bakers": 6,
  "non_attesting_bakers": 4,
  "dal_baking_power_percentage": 42.188805176181766,
  "total_baking_power": 407229443912225,
  "dal_baking_power": 171805236712177,
  "dal_participation_percentage": 46.2962962962963,
  "dal_adoption_percentage": 45.62043795620438
}