{
  "timestamp": "2025-10-06T13:10:40.593582",
  "cycle": 1014,
  "total_bakers": 253,
  "dal_active_bakers": 186,
  "dal_inactive_bakers": 46,
  "unclassified_bakers": 18,
  "non_attesting_bakers": 3,
  "dal_baking_power_percentage": 87.98129224213552,
  "total_baking_power": 419321262067077,
  "dal_baking_power": 368924265012646,
  "dal_participation_percentage": 74.4,
  "dal_adoption_percentage": 73.51778656126481
}