{
  "timestamp": "2025-11-04T13:37:34.283034",
  "cycle": 1043,
  "total_bakers": 253,
  "dal_active_bakers": 183,
  "dal_inactive_bakers": 41,
  "unclassified_bakers": 26,
  "non_attesting_bakers": 3,
  "dal_baking_power_percentage": 86.76416663679417,
  "total_baking_power": 411891975148805,
  "dal_baking_power": 357374639681692,
  "dal_participation_percentage": 73.2,
  "dal_adoption_percentage": 72.33201581027669
}