{
  "timestamp": "2025-09-03T06:42:58.734175",
  "cycle": 981,
  "total_bakers": 260,
  "dal_active_bakers": 178,
  "dal_inactive_bakers": 69,
  "unclassified_bakers": 10,
  "non_attesting_bakers": 3,
  "dal_baking_power_percentage": 85.66800571341369,
  "total_baking_power": 408958152065462,
  "dal_baking_power": 350346293076911,
  "dal_participation_percentage": 69.26070038910505,
  "dal_adoption_percentage": 68.46153846153847
}