{
  "timestamp": "2025-08-14T12:42:29.346192",
  "cycle": 962,
  "total_bakers": 266,
  "dal_active_bakers": 179,
  "dal_inactive_bakers": 71,
  "unclassified_bakers": 14,
  "non_attesting_bakers": 2,
  "dal_baking_power_percentage": 86.69828361584875,
  "total_baking_power": 404406319310163,
  "dal_baking_power": 350613337675940,
  "dal_participation_percentage": 67.8030303030303,
  "dal_adoption_percentage": 67.29323308270678
}