{
  "timestamp": "2026-03-14T09:37:34+00:00",
  "cycle": 1172,
  "total_bakers": 251,
  "dal_active_bakers": 210,
  "dal_inactive_bakers": 41,
  "unclassified_bakers": 0,
  "non_attesting_bakers": 0,
  "dal_baking_power_percentage": 86.74100984375022,
  "total_baking_power": 427878711748319.0,
  "dal_baking_power": 371146315476921.0,
  "dal_participation_percentage": 83.66533864541833,
  "dal_adoption_percentage": 83.66533864541833
}