{
  "timestamp": "2026-05-14T07:37:49+00:00",
  "cycle": 1232,
  "total_bakers": 232,
  "dal_active_bakers": 198,
  "dal_inactive_bakers": 34,
  "unclassified_bakers": 0,
  "non_attesting_bakers": 0,
  "dal_baking_power_percentage": 84.31177345390833,
  "total_baking_power": 397142068544399.0,
  "dal_baking_power": 334837521121319.0,
  "dal_participation_percentage": 85.34482758620689,
  "dal_adoption_percentage": 85.34482758620689
}