{
  "timestamp": "2025-11-29T09:29:44+00:00",
  "cycle": 1068,
  "total_bakers": 266,
  "dal_active_bakers": 206,
  "dal_inactive_bakers": 60,
  "unclassified_bakers": 0,
  "non_attesting_bakers": 0,
  "dal_baking_power_percentage": 82.41407291133008,
  "total_baking_power": 410422246527800.0,
  "dal_baking_power": 338245689497740.0,
  "dal_participation_percentage": 77.44360902255639,
  "dal_adoption_percentage": 77.44360902255639
}