{
  "timestamp": "2026-07-17T17:27:16+00:00",
  "cycle": 1295,
  "total_bakers": 195,
  "dal_active_bakers": 167,
  "dal_inactive_bakers": 28,
  "unclassified_bakers": 0,
  "non_attesting_bakers": 0,
  "dal_baking_power_percentage": 75.96428052246748,
  "total_baking_power": 435952406147927.0,
  "dal_baking_power": 331168108750658.0,
  "dal_participation_percentage": 85.64102564102564,
  "dal_adoption_percentage": 85.64102564102564
}