{
  "timestamp": "2026-07-13T15:38:46+00:00",
  "cycle": 1291,
  "total_bakers": 196,
  "dal_active_bakers": 170,
  "dal_inactive_bakers": 26,
  "unclassified_bakers": 0,
  "non_attesting_bakers": 0,
  "dal_baking_power_percentage": 87.96488570618111,
  "total_baking_power": 436543173957635.0,
  "dal_baking_power": 384004704029969.0,
  "dal_participation_percentage": 86.73469387755102,
  "dal_adoption_percentage": 86.73469387755102
}