{
  "timestamp": "2025-12-04T10:22:44+00:00",
  "cycle": 1073,
  "total_bakers": 266,
  "dal_active_bakers": 208,
  "dal_inactive_bakers": 58,
  "unclassified_bakers": 0,
  "non_attesting_bakers": 0,
  "dal_baking_power_percentage": 82.70970765001933,
  "total_baking_power": 409822869009460.0,
  "dal_baking_power": 338963296840646.0,
  "dal_participation_percentage": 78.19548872180451,
  "dal_adoption_percentage": 78.19548872180451
}