{
  "timestamp": "2026-05-31T13:27:07+00:00",
  "cycle": 1249,
  "total_bakers": 218,
  "dal_active_bakers": 190,
  "dal_inactive_bakers": 28,
  "unclassified_bakers": 0,
  "non_attesting_bakers": 0,
  "dal_baking_power_percentage": 89.02166803061854,
  "total_baking_power": 434036302383546.0,
  "dal_baking_power": 386386356240252.0,
  "dal_participation_percentage": 87.1559633027523,
  "dal_adoption_percentage": 87.1559633027523
}