{
  "timestamp": "2025-12-29T13:04:16+00:00",
  "cycle": 1098,
  "total_bakers": 262,
  "dal_active_bakers": 212,
  "dal_inactive_bakers": 50,
  "unclassified_bakers": 0,
  "non_attesting_bakers": 0,
  "dal_baking_power_percentage": 83.28911690844626,
  "total_baking_power": 411796483669468.0,
  "dal_baking_power": 342981654708334.0,
  "dal_participation_percentage": 80.91603053435115,
  "dal_adoption_percentage": 80.91603053435115
}