{
  "timestamp": "2026-06-22T22:44:01+00:00",
  "cycle": 1271,
  "total_bakers": 218,
  "dal_active_bakers": 189,
  "dal_inactive_bakers": 29,
  "unclassified_bakers": 0,
  "non_attesting_bakers": 0,
  "dal_baking_power_percentage": 89.14099652429255,
  "total_baking_power": 435777128776921.0,
  "dal_baking_power": 388456075216697.0,
  "dal_participation_percentage": 86.69724770642202,
  "dal_adoption_percentage": 86.69724770642202
}