{
  "timestamp": "2025-12-30T13:07:40+00:00",
  "cycle": 1099,
  "total_bakers": 263,
  "dal_active_bakers": 211,
  "dal_inactive_bakers": 52,
  "unclassified_bakers": 0,
  "non_attesting_bakers": 0,
  "dal_baking_power_percentage": 83.28328705948731,
  "total_baking_power": 412041326050769.0,
  "dal_baking_power": 343161560378580.0,
  "dal_participation_percentage": 80.22813688212928,
  "dal_adoption_percentage": 80.22813688212928
}