{
  "timestamp": "2026-06-19T22:14:19+00:00",
  "cycle": 1268,
  "total_bakers": 219,
  "dal_active_bakers": 193,
  "dal_inactive_bakers": 26,
  "unclassified_bakers": 0,
  "non_attesting_bakers": 0,
  "dal_baking_power_percentage": 89.15783908863513,
  "total_baking_power": 435097939551715.0,
  "dal_baking_power": 387923920823485.0,
  "dal_participation_percentage": 88.12785388127854,
  "dal_adoption_percentage": 88.12785388127854
}