{
  "timestamp": "2026-01-25T17:17:49+00:00",
  "cycle": 1125,
  "total_bakers": 236,
  "dal_active_bakers": 196,
  "dal_inactive_bakers": 40,
  "unclassified_bakers": 0,
  "non_attesting_bakers": 0,
  "dal_baking_power_percentage": 82.79289904812521,
  "total_baking_power": 409994245209914.0,
  "dal_baking_power": 339446121539767.0,
  "dal_participation_percentage": 83.05084745762711,
  "dal_adoption_percentage": 83.05084745762711
}