{
  "timestamp": "2026-06-18T22:02:52+00:00",
  "cycle": 1267,
  "total_bakers": 219,
  "dal_active_bakers": 192,
  "dal_inactive_bakers": 27,
  "unclassified_bakers": 0,
  "non_attesting_bakers": 0,
  "dal_baking_power_percentage": 89.16420744070908,
  "total_baking_power": 434753298497011.0,
  "dal_baking_power": 387644332927200.0,
  "dal_participation_percentage": 87.67123287671232,
  "dal_adoption_percentage": 87.67123287671232
}