{
  "timestamp": "2026-07-03T12:16:25+00:00",
  "cycle": 1281,
  "total_bakers": 196,
  "dal_active_bakers": 164,
  "dal_inactive_bakers": 32,
  "unclassified_bakers": 0,
  "non_attesting_bakers": 0,
  "dal_baking_power_percentage": 73.73939061635029,
  "total_baking_power": 426219428311154.0,
  "dal_baking_power": 314291609125137.0,
  "dal_participation_percentage": 83.6734693877551,
  "dal_adoption_percentage": 83.6734693877551
}