{
  "timestamp": "2026-01-08T14:51:24+00:00",
  "cycle": 1108,
  "total_bakers": 261,
  "dal_active_bakers": 207,
  "dal_inactive_bakers": 54,
  "unclassified_bakers": 0,
  "non_attesting_bakers": 0,
  "dal_baking_power_percentage": 83.07503349772254,
  "total_baking_power": 410443970918024.0,
  "dal_baking_power": 340976466329531.0,
  "dal_participation_percentage": 79.3103448275862,
  "dal_adoption_percentage": 79.3103448275862
}