{
  "timestamp": "2026-07-22T18:43:40+00:00",
  "cycle": 1300,
  "total_bakers": 196,
  "dal_active_bakers": 174,
  "dal_inactive_bakers": 22,
  "unclassified_bakers": 0,
  "non_attesting_bakers": 0,
  "dal_baking_power_percentage": 88.89570334860643,
  "total_baking_power": 435993117437187.0,
  "dal_baking_power": 387579148297303.0,
  "dal_participation_percentage": 88.77551020408163,
  "dal_adoption_percentage": 88.77551020408163
}