{
  "timestamp": "2026-02-19T03:00:55+00:00",
  "cycle": 1149,
  "total_bakers": 252,
  "dal_active_bakers": 205,
  "dal_inactive_bakers": 47,
  "unclassified_bakers": 0,
  "non_attesting_bakers": 0,
  "dal_baking_power_percentage": 87.75130835936491,
  "total_baking_power": 420858578417108.0,
  "dal_baking_power": 369308908903636.0,
  "dal_participation_percentage": 81.34920634920636,
  "dal_adoption_percentage": 81.34920634920636
}