{
  "timestamp": "2026-07-02T09:06:43+00:00",
  "cycle": 1280,
  "total_bakers": 194,
  "dal_active_bakers": 159,
  "dal_inactive_bakers": 35,
  "unclassified_bakers": 0,
  "non_attesting_bakers": 0,
  "dal_baking_power_percentage": 68.96971169649385,
  "total_baking_power": 424256194331752.0,
  "dal_baking_power": 292608274085126.0,
  "dal_participation_percentage": 81.95876288659794,
  "dal_adoption_percentage": 81.95876288659794
}