{
  "timestamp": "2025-12-14T10:55:36+00:00",
  "cycle": 1083,
  "total_bakers": 266,
  "dal_active_bakers": 212,
  "dal_inactive_bakers": 54,
  "unclassified_bakers": 0,
  "non_attesting_bakers": 0,
  "dal_baking_power_percentage": 83.01303836110748,
  "total_baking_power": 411492971504551.0,
  "dal_baking_power": 341592818288334.0,
  "dal_participation_percentage": 79.69924812030075,
  "dal_adoption_percentage": 79.69924812030075
}