{
  "timestamp": "2026-02-25T05:19:49+00:00",
  "cycle": 1155,
  "total_bakers": 247,
  "dal_active_bakers": 200,
  "dal_inactive_bakers": 47,
  "unclassified_bakers": 0,
  "non_attesting_bakers": 0,
  "dal_baking_power_percentage": 87.38014055932334,
  "total_baking_power": 418644392675955.0,
  "dal_baking_power": 365812058763975.0,
  "dal_participation_percentage": 80.97165991902834,
  "dal_adoption_percentage": 80.97165991902834
}