{
  "timestamp": "2026-02-03T20:18:46+00:00",
  "cycle": 1134,
  "total_bakers": 245,
  "dal_active_bakers": 201,
  "dal_inactive_bakers": 44,
  "unclassified_bakers": 0,
  "non_attesting_bakers": 0,
  "dal_baking_power_percentage": 88.07162204978304,
  "total_baking_power": 412555015932237.0,
  "dal_baking_power": 363343894379262.0,
  "dal_participation_percentage": 82.0408163265306,
  "dal_adoption_percentage": 82.0408163265306
}