{
  "timestamp": "2026-03-24T12:35:10+00:00",
  "cycle": 1182,
  "total_bakers": 247,
  "dal_active_bakers": 209,
  "dal_inactive_bakers": 38,
  "unclassified_bakers": 0,
  "non_attesting_bakers": 0,
  "dal_baking_power_percentage": 88.76899301969856,
  "total_baking_power": 429242885282403.0,
  "dal_baking_power": 381034586873889.0,
  "dal_participation_percentage": 84.61538461538461,
  "dal_adoption_percentage": 84.61538461538461
}