{
  "timestamp": "2025-12-27T12:40:48+00:00",
  "cycle": 1096,
  "total_bakers": 263,
  "dal_active_bakers": 206,
  "dal_inactive_bakers": 56,
  "unclassified_bakers": 1,
  "non_attesting_bakers": 0,
  "dal_baking_power_percentage": 83.00101447593214,
  "total_baking_power": 411647384952898.0,
  "dal_baking_power": 341671505574551.0,
  "dal_participation_percentage": 78.32699619771863,
  "dal_adoption_percentage": 78.32699619771863
}