{
  "timestamp": "2025-12-18T11:22:56+00:00",
  "cycle": 1087,
  "total_bakers": 265,
  "dal_active_bakers": 211,
  "dal_inactive_bakers": 54,
  "unclassified_bakers": 0,
  "non_attesting_bakers": 0,
  "dal_baking_power_percentage": 83.04091567105837,
  "total_baking_power": 412239863589587.0,
  "dal_baking_power": 342327757485915.0,
  "dal_participation_percentage": 79.62264150943396,
  "dal_adoption_percentage": 79.62264150943396
}