{
  "timestamp": "2025-12-28T12:55:40+00:00",
  "cycle": 1097,
  "total_bakers": 262,
  "dal_active_bakers": 207,
  "dal_inactive_bakers": 55,
  "unclassified_bakers": 0,
  "non_attesting_bakers": 0,
  "dal_baking_power_percentage": 83.11202352247209,
  "total_baking_power": 411619057005322.0,
  "dal_baking_power": 342104927481241.0,
  "dal_participation_percentage": 79.00763358778626,
  "dal_adoption_percentage": 79.00763358778626
}