{
  "timestamp": "2026-07-05T12:47:07+00:00",
  "cycle": 1283,
  "total_bakers": 195,
  "dal_active_bakers": 163,
  "dal_inactive_bakers": 32,
  "unclassified_bakers": 0,
  "non_attesting_bakers": 0,
  "dal_baking_power_percentage": 73.46164822718907,
  "total_baking_power": 426928446151682.0,
  "dal_baking_power": 313628673293753.0,
  "dal_participation_percentage": 83.58974358974359,
  "dal_adoption_percentage": 83.58974358974359
}