{
  "timestamp": "2025-11-23T07:44:08+00:00",
  "cycle": 1062,
  "total_bakers": 260,
  "dal_active_bakers": 207,
  "dal_inactive_bakers": 53,
  "unclassified_bakers": 0,
  "non_attesting_bakers": 0,
  "dal_baking_power_percentage": 82.13694725218767,
  "total_baking_power": 410085276187847.0,
  "dal_baking_power": 336831526991400.0,
  "dal_participation_percentage": 79.61538461538461,
  "dal_adoption_percentage": 79.61538461538461
}