{
  "timestamp": "2025-11-28T09:25:32+00:00",
  "cycle": 1067,
  "total_bakers": 267,
  "dal_active_bakers": 205,
  "dal_inactive_bakers": 60,
  "unclassified_bakers": 2,
  "non_attesting_bakers": 0,
  "dal_baking_power_percentage": 82.28844286304945,
  "total_baking_power": 410954203780571.0,
  "dal_baking_power": 338167815171275.0,
  "dal_participation_percentage": 76.77902621722846,
  "dal_adoption_percentage": 76.77902621722846
}