{
  "timestamp": "2026-01-16T15:30:24+00:00",
  "cycle": 1116,
  "total_bakers": 260,
  "dal_active_bakers": 212,
  "dal_inactive_bakers": 48,
  "unclassified_bakers": 0,
  "non_attesting_bakers": 0,
  "dal_baking_power_percentage": 83.40229351691914,
  "total_baking_power": 411131104884641.0,
  "dal_baking_power": 342892770835241.0,
  "dal_participation_percentage": 81.53846153846153,
  "dal_adoption_percentage": 81.53846153846153
}