{
  "timestamp": "2026-03-16T11:05:04+00:00",
  "cycle": 1174,
  "total_bakers": 248,
  "dal_active_bakers": 209,
  "dal_inactive_bakers": 39,
  "unclassified_bakers": 0,
  "non_attesting_bakers": 0,
  "dal_baking_power_percentage": 87.11280272282725,
  "total_baking_power": 428129976018473.0,
  "dal_baking_power": 372956021406260.0,
  "dal_participation_percentage": 84.2741935483871,
  "dal_adoption_percentage": 84.2741935483871
}