{
  "timestamp": "2025-11-11T06:49:44+00:00",
  "cycle": 1050,
  "total_bakers": 253,
  "dal_active_bakers": 195,
  "dal_inactive_bakers": 58,
  "unclassified_bakers": 0,
  "non_attesting_bakers": 0,
  "dal_baking_power_percentage": 82.7527163026569,
  "total_baking_power": 410416775909179.0,
  "dal_baking_power": 339631030226634.0,
  "dal_participation_percentage": 77.07509881422925,
  "dal_adoption_percentage": 77.07509881422925
}