{
  "timestamp": "2026-02-23T04:22:13+00:00",
  "cycle": 1153,
  "total_bakers": 247,
  "dal_active_bakers": 203,
  "dal_inactive_bakers": 44,
  "unclassified_bakers": 0,
  "non_attesting_bakers": 0,
  "dal_baking_power_percentage": 88.55021489852065,
  "total_baking_power": 418108479984098.0,
  "dal_baking_power": 370235957534857.0,
  "dal_participation_percentage": 82.18623481781377,
  "dal_adoption_percentage": 82.18623481781377
}