{
  "timestamp": "2026-01-17T15:32:36+00:00",
  "cycle": 1117,
  "total_bakers": 260,
  "dal_active_bakers": 214,
  "dal_inactive_bakers": 46,
  "unclassified_bakers": 0,
  "non_attesting_bakers": 0,
  "dal_baking_power_percentage": 83.26489055564895,
  "total_baking_power": 407912763461238.0,
  "dal_baking_power": 339648116058523.0,
  "dal_participation_percentage": 82.3076923076923,
  "dal_adoption_percentage": 82.3076923076923
}