{
  "timestamp": "2026-07-16T16:37:55+00:00",
  "cycle": 1294,
  "total_bakers": 195,
  "dal_active_bakers": 167,
  "dal_inactive_bakers": 28,
  "unclassified_bakers": 0,
  "non_attesting_bakers": 0,
  "dal_baking_power_percentage": 75.94884434726208,
  "total_baking_power": 436830565862996.0,
  "dal_baking_power": 331767766528551.0,
  "dal_participation_percentage": 85.64102564102564,
  "dal_adoption_percentage": 85.64102564102564
}