{
  "timestamp": "2026-07-07T13:03:22+00:00",
  "cycle": 1285,
  "total_bakers": 197,
  "dal_active_bakers": 171,
  "dal_inactive_bakers": 26,
  "unclassified_bakers": 0,
  "non_attesting_bakers": 0,
  "dal_baking_power_percentage": 86.35009152129311,
  "total_baking_power": 426891147805287.0,
  "dal_baking_power": 368620896826164.0,
  "dal_participation_percentage": 86.80203045685279,
  "dal_adoption_percentage": 86.80203045685279
}