{
  "timestamp": "2026-07-04T12:38:37+00:00",
  "cycle": 1282,
  "total_bakers": 196,
  "dal_active_bakers": 154,
  "dal_inactive_bakers": 42,
  "unclassified_bakers": 0,
  "non_attesting_bakers": 0,
  "dal_baking_power_percentage": 63.8220827059712,
  "total_baking_power": 435166900120004.0,
  "dal_baking_power": 277732578903600.0,
  "dal_participation_percentage": 78.57142857142857,
  "dal_adoption_percentage": 78.57142857142857
}