{
  "timestamp": "2026-07-06T12:54:55+00:00",
  "cycle": 1284,
  "total_bakers": 195,
  "dal_active_bakers": 170,
  "dal_inactive_bakers": 25,
  "unclassified_bakers": 0,
  "non_attesting_bakers": 0,
  "dal_baking_power_percentage": 86.38807634478354,
  "total_baking_power": 426218534254264.0,
  "dal_baking_power": 368201992767191.0,
  "dal_participation_percentage": 87.17948717948718,
  "dal_adoption_percentage": 87.17948717948718
}