{
  "timestamp": "2026-01-28T18:38:10+00:00",
  "cycle": 1128,
  "total_bakers": 241,
  "dal_active_bakers": 195,
  "dal_inactive_bakers": 46,
  "unclassified_bakers": 0,
  "non_attesting_bakers": 0,
  "dal_baking_power_percentage": 87.16096317344275,
  "total_baking_power": 412300389582483.0,
  "dal_baking_power": 359364990727949.0,
  "dal_participation_percentage": 80.91286307053942,
  "dal_adoption_percentage": 80.91286307053942
}