{
  "timestamp": "2025-11-14T07:04:08+00:00",
  "cycle": 1053,
  "total_bakers": 264,
  "dal_active_bakers": 197,
  "dal_inactive_bakers": 67,
  "unclassified_bakers": 0,
  "non_attesting_bakers": 0,
  "dal_baking_power_percentage": 82.67647374589718,
  "total_baking_power": 410390318887244.0,
  "dal_baking_power": 339296244250516.0,
  "dal_participation_percentage": 74.62121212121212,
  "dal_adoption_percentage": 74.62121212121212
}