{
  "timestamp": "2026-05-19T10:31:49+00:00",
  "cycle": 1237,
  "total_bakers": 226,
  "dal_active_bakers": 199,
  "dal_inactive_bakers": 27,
  "unclassified_bakers": 0,
  "non_attesting_bakers": 0,
  "dal_baking_power_percentage": 89.11385938786799,
  "total_baking_power": 432719614110582.0,
  "dal_baking_power": 385613148462229.0,
  "dal_participation_percentage": 88.05309734513274,
  "dal_adoption_percentage": 88.05309734513274
}