{
  "timestamp": "2026-06-13T21:13:19+00:00",
  "cycle": 1262,
  "total_bakers": 216,
  "dal_active_bakers": 191,
  "dal_inactive_bakers": 25,
  "unclassified_bakers": 0,
  "non_attesting_bakers": 0,
  "dal_baking_power_percentage": 88.61558445678455,
  "total_baking_power": 436622934073290.0,
  "dal_baking_power": 386915964901407.0,
  "dal_participation_percentage": 88.42592592592592,
  "dal_adoption_percentage": 88.42592592592592
}