{
  "timestamp": "2025-09-18T00:45:06.598293",
  "cycle": 996,
  "total_bakers": 261,
  "dal_active_bakers": 188,
  "dal_inactive_bakers": 62,
  "unclassified_bakers": 7,
  "non_attesting_bakers": 4,
  "dal_baking_power_percentage": 87.27660877063927,
  "total_baking_power": 411932482056982,
  "dal_baking_power": 359520700764056,
  "dal_participation_percentage": 73.15175097276264,
  "dal_adoption_percentage": 72.03065134099617
}