{
  "timestamp": "2025-04-18T14:03:03.599832",
  "cycle": 853,
  "total_bakers": 295,
  "dal_active_bakers": 64,
  "dal_inactive_bakers": 219,
  "unclassified_bakers": 5,
  "non_attesting_bakers": 7,
  "dal_baking_power_percentage": 28.126970920752196,
  "total_baking_power": 386030115402378,
  "dal_baking_power": 108578578304573
}