{
  "timestamp": "2026-02-13T22:29:25+00:00",
  "cycle": 1144,
  "total_bakers": 248,
  "dal_active_bakers": 202,
  "dal_inactive_bakers": 46,
  "unclassified_bakers": 0,
  "non_attesting_bakers": 0,
  "dal_baking_power_percentage": 87.84266479479867,
  "total_baking_power": 419457065947023.0,
  "dal_baking_power": 368462264397941.0,
  "dal_participation_percentage": 81.45161290322581,
  "dal_adoption_percentage": 81.45161290322581
}