{
  "timestamp": "2025-05-16T06:32:48.606919",
  "cycle": 872,
  "total_bakers": 276,
  "dal_active_bakers": 131,
  "dal_inactive_bakers": 135,
  "unclassified_bakers": 6,
  "non_attesting_bakers": 4,
  "dal_baking_power_percentage": 43.52935137771349,
  "total_baking_power": 385259031571274,
  "dal_baking_power": 167700757567036,
  "dal_participation_percentage": 48.161764705882355,
  "dal_adoption_percentage": 47.46376811594203
}