{
  "timestamp": "2025-06-20T06:37:47.824729",
  "cycle": 907,
  "total_bakers": 279,
  "dal_active_bakers": 172,
  "dal_inactive_bakers": 92,
  "unclassified_bakers": 14,
  "non_attesting_bakers": 1,
  "dal_baking_power_percentage": 74.94828750865499,
  "total_baking_power": 411738559801658,
  "dal_baking_power": 308590999584142,
  "dal_participation_percentage": 61.87050359712231,
  "dal_adoption_percentage": 61.648745519713266
}