{
  "timestamp": "2025-06-10T06:35:59.963873",
  "cycle": 897,
  "total_bakers": 279,
  "dal_active_bakers": 173,
  "dal_inactive_bakers": 100,
  "unclassified_bakers": 5,
  "non_attesting_bakers": 1,
  "dal_baking_power_percentage": 71.75596106529822,
  "total_baking_power": 410158528730580,
  "dal_baking_power": 294313194181915,
  "dal_participation_percentage": 62.23021582733813,
  "dal_adoption_percentage": 62.00716845878136
}