{
  "timestamp": "2025-08-02T18:46:52.080045",
  "cycle": 950,
  "total_bakers": 268,
  "dal_active_bakers": 173,
  "dal_inactive_bakers": 83,
  "unclassified_bakers": 10,
  "non_attesting_bakers": 2,
  "dal_baking_power_percentage": 84.92842940528121,
  "total_baking_power": 402889639058450,
  "dal_baking_power": 342167842688948,
  "dal_participation_percentage": 65.0375939849624,
  "dal_adoption_percentage": 64.55223880597015
}