{
  "timestamp": "2025-06-23T12:35:24.247440",
  "cycle": 910,
  "total_bakers": 280,
  "dal_active_bakers": 170,
  "dal_inactive_bakers": 90,
  "unclassified_bakers": 11,
  "non_attesting_bakers": 9,
  "dal_baking_power_percentage": 75.32818801650808,
  "total_baking_power": 409595155353171,
  "dal_baking_power": 308540608730945,
  "dal_participation_percentage": 62.73062730627307,
  "dal_adoption_percentage": 60.71428571428571
}