{
  "timestamp": "2026-02-15T22:58:52+00:00",
  "cycle": 1146,
  "total_bakers": 251,
  "dal_active_bakers": 204,
  "dal_inactive_bakers": 47,
  "unclassified_bakers": 0,
  "non_attesting_bakers": 0,
  "dal_baking_power_percentage": 88.19319094981782,
  "total_baking_power": 418789013355908.0,
  "dal_baking_power": 369343394225834.0,
  "dal_participation_percentage": 81.27490039840637,
  "dal_adoption_percentage": 81.27490039840637
}