{
  "timestamp": "2025-08-08T12:39:07.726049",
  "cycle": 956,
  "total_bakers": 264,
  "dal_active_bakers": 179,
  "dal_inactive_bakers": 72,
  "unclassified_bakers": 10,
  "non_attesting_bakers": 3,
  "dal_baking_power_percentage": 86.38144473889898,
  "total_baking_power": 401936846903102,
  "dal_baking_power": 347198855292876,
  "dal_participation_percentage": 68.5823754789272,
  "dal_adoption_percentage": 67.8030303030303
}