{
  "timestamp": "2025-10-07T01:01:27.571650",
  "cycle": 1015,
  "total_bakers": 253,
  "dal_active_bakers": 186,
  "dal_inactive_bakers": 45,
  "unclassified_bakers": 17,
  "non_attesting_bakers": 5,
  "dal_baking_power_percentage": 87.9934149614591,
  "total_baking_power": 419034089823913,
  "dal_baking_power": 368722405488729,
  "dal_participation_percentage": 75.0,
  "dal_adoption_percentage": 73.51778656126481
}