{
  "timestamp": "2025-05-13T12:33:19.421655",
  "cycle": 869,
  "total_bakers": 273,
  "dal_active_bakers": 126,
  "dal_inactive_bakers": 137,
  "unclassified_bakers": 6,
  "non_attesting_bakers": 4,
  "dal_baking_power_percentage": 42.221383265048246,
  "total_baking_power": 407279124862828,
  "dal_baking_power": 171958880266869,
  "dal_participation_percentage": 46.84014869888476,
  "dal_adoption_percentage": 46.15384615384615
}