{
  "timestamp": "2025-07-11T06:32:55.657380",
  "cycle": 928,
  "total_bakers": 276,
  "dal_active_bakers": 170,
  "dal_inactive_bakers": 89,
  "unclassified_bakers": 12,
  "non_attesting_bakers": 5,
  "dal_baking_power_percentage": 84.68454872113222,
  "total_baking_power": 408647598410974,
  "dal_baking_power": 346061374574078,
  "dal_participation_percentage": 62.73062730627307,
  "dal_adoption_percentage": 61.59420289855072
}