{
  "timestamp": "2025-10-30T19:36:06.861207",
  "cycle": 1038,
  "total_bakers": 255,
  "dal_active_bakers": 185,
  "dal_inactive_bakers": 43,
  "unclassified_bakers": 25,
  "non_attesting_bakers": 2,
  "dal_baking_power_percentage": 87.35275144659704,
  "total_baking_power": 410768085061187,
  "dal_baking_power": 358817224365445,
  "dal_participation_percentage": 73.12252964426878,
  "dal_adoption_percentage": 72.54901960784314
}