{
  "timestamp": "2025-09-06T06:43:15.943167",
  "cycle": 984,
  "total_bakers": 273,
  "dal_active_bakers": 184,
  "dal_inactive_bakers": 67,
  "unclassified_bakers": 7,
  "non_attesting_bakers": 15,
  "dal_baking_power_percentage": 87.1356674505963,
  "total_baking_power": 409876575217500,
  "dal_baking_power": 357148689539414,
  "dal_participation_percentage": 71.31782945736434,
  "dal_adoption_percentage": 67.3992673992674
}