{
  "timestamp": "2025-09-18T06:45:24.665563",
  "cycle": 996,
  "total_bakers": 262,
  "dal_active_bakers": 188,
  "dal_inactive_bakers": 62,
  "unclassified_bakers": 7,
  "non_attesting_bakers": 5,
  "dal_baking_power_percentage": 87.27660877063927,
  "total_baking_power": 411932482056982,
  "dal_baking_power": 359520700764056,
  "dal_participation_percentage": 73.15175097276264,
  "dal_adoption_percentage": 71.7557251908397
}