{
  "timestamp": "2025-10-30T01:38:42.813764",
  "cycle": 1037,
  "total_bakers": 253,
  "dal_active_bakers": 185,
  "dal_inactive_bakers": 43,
  "unclassified_bakers": 25,
  "non_attesting_bakers": 0,
  "dal_baking_power_percentage": 87.44898737438136,
  "total_baking_power": 409244854130479,
  "dal_baking_power": 357880480818868,
  "dal_participation_percentage": 73.12252964426878,
  "dal_adoption_percentage": 73.12252964426878
}