{
  "timestamp": "2025-12-16T11:12:44+00:00",
  "cycle": 1085,
  "total_bakers": 264,
  "dal_active_bakers": 213,
  "dal_inactive_bakers": 51,
  "unclassified_bakers": 0,
  "non_attesting_bakers": 0,
  "dal_baking_power_percentage": 83.03288199132025,
  "total_baking_power": 411517448945745.0,
  "dal_baking_power": 341694797756812.0,
  "dal_participation_percentage": 80.68181818181817,
  "dal_adoption_percentage": 80.68181818181817
}