{
  "timestamp": "2025-06-08T06:32:45.013833",
  "cycle": 895,
  "total_bakers": 279,
  "dal_active_bakers": 170,
  "dal_inactive_bakers": 101,
  "unclassified_bakers": 7,
  "non_attesting_bakers": 1,
  "dal_baking_power_percentage": 70.80326080717343,
  "total_baking_power": 409849604922341,
  "dal_baking_power": 290186884690335,
  "dal_participation_percentage": 61.15107913669065,
  "dal_adoption_percentage": 60.93189964157706
}