{
  "timestamp": "2025-11-12T06:54:08+00:00",
  "cycle": 1051,
  "total_bakers": 254,
  "dal_active_bakers": 195,
  "dal_inactive_bakers": 59,
  "unclassified_bakers": 0,
  "non_attesting_bakers": 0,
  "dal_baking_power_percentage": 82.76885328233948,
  "total_baking_power": 411716645525905.0,
  "dal_baking_power": 340773146274306.0,
  "dal_participation_percentage": 76.77165354330708,
  "dal_adoption_percentage": 76.77165354330708
}