{
  "timestamp": "2025-08-14T18:46:19.568809",
  "cycle": 962,
  "total_bakers": 267,
  "dal_active_bakers": 180,
  "dal_inactive_bakers": 71,
  "unclassified_bakers": 13,
  "non_attesting_bakers": 3,
  "dal_baking_power_percentage": 86.8141329516794,
  "total_baking_power": 404406319310163,
  "dal_baking_power": 351081839710918,
  "dal_participation_percentage": 68.18181818181817,
  "dal_adoption_percentage": 67.41573033707866
}