{
  "timestamp": "2025-08-18T18:40:28.716454",
  "cycle": 966,
  "total_bakers": 266,
  "dal_active_bakers": 180,
  "dal_inactive_bakers": 69,
  "unclassified_bakers": 11,
  "non_attesting_bakers": 6,
  "dal_baking_power_percentage": 86.94728652966131,
  "total_baking_power": 405823148430512,
  "dal_baking_power": 352852215669570,
  "dal_participation_percentage": 69.23076923076923,
  "dal_adoption_percentage": 67.66917293233082
}