{
  "timestamp": "2025-09-17T12:40:30.500016",
  "cycle": 995,
  "total_bakers": 261,
  "dal_active_bakers": 186,
  "dal_inactive_bakers": 63,
  "unclassified_bakers": 8,
  "non_attesting_bakers": 4,
  "dal_baking_power_percentage": 87.23453164371348,
  "total_baking_power": 411658602244108,
  "dal_baking_power": 359108453638705,
  "dal_participation_percentage": 72.37354085603113,
  "dal_adoption_percentage": 71.26436781609196
}