{
  "timestamp": "2025-05-07T00:28:13.630524",
  "cycle": 863,
  "total_bakers": 269,
  "dal_active_bakers": 119,
  "dal_inactive_bakers": 132,
  "unclassified_bakers": 3,
  "non_attesting_bakers": 15,
  "dal_baking_power_percentage": 41.98382566377009,
  "total_baking_power": 403328115357635,
  "dal_baking_power": 169332572804719,
  "dal_participation_percentage": 46.8503937007874,
  "dal_adoption_percentage": 44.237918215613384
}