{
  "timestamp": "2025-12-21T11:46:48+00:00",
  "cycle": 1090,
  "total_bakers": 265,
  "dal_active_bakers": 210,
  "dal_inactive_bakers": 55,
  "unclassified_bakers": 0,
  "non_attesting_bakers": 0,
  "dal_baking_power_percentage": 83.07657671949212,
  "total_baking_power": 412626052629178.0,
  "dal_baking_power": 342795599177091.0,
  "dal_participation_percentage": 79.24528301886792,
  "dal_adoption_percentage": 79.24528301886792
}