{
  "timestamp": "2025-05-10T06:29:55.565788",
  "cycle": 866,
  "total_bakers": 274,
  "dal_active_bakers": 124,
  "dal_inactive_bakers": 134,
  "unclassified_bakers": 9,
  "non_attesting_bakers": 7,
  "dal_baking_power_percentage": 42.3195057435349,
  "total_baking_power": 405316945361854,
  "dal_baking_power": 171528127971930,
  "dal_participation_percentage": 46.441947565543074,
  "dal_adoption_percentage": 45.25547445255474
}