{
  "timestamp": "2025-07-07T12:39:52.592498",
  "cycle": 924,
  "total_bakers": 273,
  "dal_active_bakers": 175,
  "dal_inactive_bakers": 88,
  "unclassified_bakers": 9,
  "non_attesting_bakers": 1,
  "dal_baking_power_percentage": 85.26013530774978,
  "total_baking_power": 408891148920866,
  "dal_baking_power": 348621146831343,
  "dal_participation_percentage": 64.33823529411765,
  "dal_adoption_percentage": 64.1025641025641
}