{
  "timestamp": "2026-06-26T23:46:16+00:00",
  "cycle": 1275,
  "total_bakers": 214,
  "dal_active_bakers": 183,
  "dal_inactive_bakers": 31,
  "unclassified_bakers": 0,
  "non_attesting_bakers": 0,
  "dal_baking_power_percentage": 83.83678747921492,
  "total_baking_power": 434140581007764.0,
  "dal_baking_power": 363969516260508.0,
  "dal_participation_percentage": 85.51401869158879,
  "dal_adoption_percentage": 85.51401869158879
}