{
  "timestamp": "2025-05-15T00:29:40.534124",
  "cycle": 871,
  "total_bakers": 278,
  "dal_active_bakers": 128,
  "dal_inactive_bakers": 135,
  "unclassified_bakers": 9,
  "non_attesting_bakers": 6,
  "dal_baking_power_percentage": 41.17850721466781,
  "total_baking_power": 406664673204169,
  "dal_baking_power": 167458441794884,
  "dal_participation_percentage": 47.05882352941176,
  "dal_adoption_percentage": 46.043165467625904
}