{
  "timestamp": "2026-05-27T12:47:25+00:00",
  "cycle": 1245,
  "total_bakers": 220,
  "dal_active_bakers": 191,
  "dal_inactive_bakers": 29,
  "unclassified_bakers": 0,
  "non_attesting_bakers": 0,
  "dal_baking_power_percentage": 87.89082715731111,
  "total_baking_power": 413361829128307.0,
  "dal_baking_power": 363307130773460.0,
  "dal_participation_percentage": 86.81818181818181,
  "dal_adoption_percentage": 86.81818181818181
}