{
  "timestamp": "2025-08-11T18:45:03.596477",
  "cycle": 959,
  "total_bakers": 266,
  "dal_active_bakers": 183,
  "dal_inactive_bakers": 70,
  "unclassified_bakers": 8,
  "non_attesting_bakers": 5,
  "dal_baking_power_percentage": 86.75057708746425,
  "total_baking_power": 402908808197181,
  "dal_baking_power": 349525716247279,
  "dal_participation_percentage": 70.11494252873564,
  "dal_adoption_percentage": 68.796992481203
}