{
  "timestamp": "2025-08-18T12:32:53.584128",
  "cycle": 966,
  "total_bakers": 265,
  "dal_active_bakers": 179,
  "dal_inactive_bakers": 66,
  "unclassified_bakers": 14,
  "non_attesting_bakers": 6,
  "dal_baking_power_percentage": 86.96723511525157,
  "total_baking_power": 405699842691658,
  "dal_baking_power": 352825936055860,
  "dal_participation_percentage": 69.1119691119691,
  "dal_adoption_percentage": 67.54716981132076
}