{
  "timestamp": "2025-07-01T06:35:22.799495",
  "cycle": 918,
  "total_bakers": 281,
  "dal_active_bakers": 179,
  "dal_inactive_bakers": 89,
  "unclassified_bakers": 10,
  "non_attesting_bakers": 3,
  "dal_baking_power_percentage": 85.22177640580121,
  "total_baking_power": 408776978379959,
  "dal_baking_power": 348367002513359,
  "dal_participation_percentage": 64.38848920863309,
  "dal_adoption_percentage": 63.70106761565836
}