{
  "timestamp": "2025-07-29T12:37:53.252248",
  "cycle": 946,
  "total_bakers": 268,
  "dal_active_bakers": 172,
  "dal_inactive_bakers": 78,
  "unclassified_bakers": 13,
  "non_attesting_bakers": 5,
  "dal_baking_power_percentage": 84.94232794911858,
  "total_baking_power": 400869853368321,
  "dal_baking_power": 340508185497270,
  "dal_participation_percentage": 65.39923954372624,
  "dal_adoption_percentage": 64.17910447761194
}