{
  "timestamp": "2025-07-31T12:39:09.141702",
  "cycle": 948,
  "total_bakers": 270,
  "dal_active_bakers": 170,
  "dal_inactive_bakers": 80,
  "unclassified_bakers": 14,
  "non_attesting_bakers": 6,
  "dal_baking_power_percentage": 85.03648128882875,
  "total_baking_power": 403079039893157,
  "dal_baking_power": 342764232337935,
  "dal_participation_percentage": 64.39393939393939,
  "dal_adoption_percentage": 62.96296296296296
}