{
  "timestamp": "2025-10-09T13:08:56.660380",
  "cycle": 1017,
  "total_bakers": 254,
  "dal_active_bakers": 187,
  "dal_inactive_bakers": 45,
  "unclassified_bakers": 18,
  "non_attesting_bakers": 4,
  "dal_baking_power_percentage": 87.88641293012492,
  "total_baking_power": 419572414435340,
  "dal_baking_power": 368747144691538,
  "dal_participation_percentage": 74.8,
  "dal_adoption_percentage": 73.62204724409449
}