{
  "timestamp": "2025-12-17T11:15:56+00:00",
  "cycle": 1086,
  "total_bakers": 263,
  "dal_active_bakers": 213,
  "dal_inactive_bakers": 50,
  "unclassified_bakers": 0,
  "non_attesting_bakers": 0,
  "dal_baking_power_percentage": 83.05068393157887,
  "total_baking_power": 412099235801799.0,
  "dal_baking_power": 342251233810204.0,
  "dal_participation_percentage": 80.98859315589354,
  "dal_adoption_percentage": 80.98859315589354
}