{
  "timestamp": "2025-06-24T06:33:19.687191",
  "cycle": 911,
  "total_bakers": 279,
  "dal_active_bakers": 176,
  "dal_inactive_bakers": 89,
  "unclassified_bakers": 12,
  "non_attesting_bakers": 2,
  "dal_baking_power_percentage": 75.50848051081138,
  "total_baking_power": 410086215331911,
  "dal_baking_power": 309649869981420,
  "dal_participation_percentage": 63.537906137184116,
  "dal_adoption_percentage": 63.08243727598566
}