{
  "timestamp": "2025-09-24T18:33:11.636658",
  "cycle": 1003,
  "total_bakers": 243,
  "dal_active_bakers": 178,
  "dal_inactive_bakers": 41,
  "unclassified_bakers": 14,
  "non_attesting_bakers": 10,
  "dal_baking_power_percentage": 88.05385486085177,
  "total_baking_power": 409304635762473,
  "dal_baking_power": 360408509913026,
  "dal_participation_percentage": 76.39484978540773,
  "dal_adoption_percentage": 73.25102880658436
}