{
  "timestamp": "2025-05-06T12:30:51.132086",
  "cycle": 862,
  "total_bakers": 268,
  "dal_active_bakers": 120,
  "dal_inactive_bakers": 144,
  "unclassified_bakers": 2,
  "non_attesting_bakers": 2,
  "dal_baking_power_percentage": 41.95762490064514,
  "total_baking_power": 403764059609578,
  "dal_baking_power": 169409809614604,
  "dal_participation_percentage": 45.11278195488722,
  "dal_adoption_percentage": 44.776119402985074
}