{
  "timestamp": "2025-08-01T18:42:01.002241",
  "cycle": 949,
  "total_bakers": 268,
  "dal_active_bakers": 170,
  "dal_inactive_bakers": 82,
  "unclassified_bakers": 10,
  "non_attesting_bakers": 6,
  "dal_baking_power_percentage": 85.1014673637885,
  "total_baking_power": 402717560173221,
  "dal_baking_power": 342718553039059,
  "dal_participation_percentage": 64.8854961832061,
  "dal_adoption_percentage": 63.43283582089553
}