{
  "timestamp": "2026-06-02T14:49:37+00:00",
  "cycle": 1251,
  "total_bakers": 217,
  "dal_active_bakers": 192,
  "dal_inactive_bakers": 25,
  "unclassified_bakers": 0,
  "non_attesting_bakers": 0,
  "dal_baking_power_percentage": 85.57041307921153,
  "total_baking_power": 434250797497889.0,
  "dal_baking_power": 371590201218714.0,
  "dal_participation_percentage": 88.47926267281106,
  "dal_adoption_percentage": 88.47926267281106
}