{
  "timestamp": "2025-09-23T00:55:00.736711",
  "cycle": 1001,
  "total_bakers": 244,
  "dal_active_bakers": 175,
  "dal_inactive_bakers": 46,
  "unclassified_bakers": 22,
  "non_attesting_bakers": 1,
  "dal_baking_power_percentage": 87.83408866996828,
  "total_baking_power": 409974564764693,
  "dal_baking_power": 360097422739737,
  "dal_participation_percentage": 72.0164609053498,
  "dal_adoption_percentage": 71.72131147540983
}