{
  "timestamp": "2025-06-09T00:33:52.193614",
  "cycle": 895,
  "total_bakers": 279,
  "dal_active_bakers": 169,
  "dal_inactive_bakers": 104,
  "unclassified_bakers": 4,
  "non_attesting_bakers": 2,
  "dal_baking_power_percentage": 70.80067711773297,
  "total_baking_power": 409813339557535,
  "dal_baking_power": 290150619325529,
  "dal_participation_percentage": 61.01083032490975,
  "dal_adoption_percentage": 60.57347670250897
}