{
  "timestamp": "2025-05-07T18:27:44.065921",
  "cycle": 864,
  "total_bakers": 271,
  "dal_active_bakers": 118,
  "dal_inactive_bakers": 137,
  "unclassified_bakers": 7,
  "non_attesting_bakers": 9,
  "dal_baking_power_percentage": 41.92235765188811,
  "total_baking_power": 404019892062928,
  "dal_baking_power": 169374664135393,
  "dal_participation_percentage": 45.038167938931295,
  "dal_adoption_percentage": 43.542435424354245
}