{
  "timestamp": "2025-06-03T00:25:01.902699",
  "cycle": 890,
  "total_bakers": 279,
  "dal_active_bakers": 153,
  "dal_inactive_bakers": 106,
  "unclassified_bakers": 19,
  "non_attesting_bakers": 1,
  "dal_baking_power_percentage": 69.76519671362445,
  "total_baking_power": 407560447776000,
  "dal_baking_power": 284335348117855,
  "dal_participation_percentage": 55.03597122302158,
  "dal_adoption_percentage": 54.83870967741935
}