{
  "timestamp": "2025-09-21T18:35:18.532847",
  "cycle": 1000,
  "total_bakers": 236,
  "dal_active_bakers": 181,
  "dal_inactive_bakers": 45,
  "unclassified_bakers": 10,
  "non_attesting_bakers": 0,
  "dal_baking_power_percentage": 88.04334959618713,
  "total_baking_power": 408565542602265,
  "dal_baking_power": 359714789002871,
  "dal_participation_percentage": 76.69491525423729,
  "dal_adoption_percentage": 76.69491525423729
}