{
  "timestamp": "2025-09-17T06:40:19.302100",
  "cycle": 995,
  "total_bakers": 261,
  "dal_active_bakers": 185,
  "dal_inactive_bakers": 63,
  "unclassified_bakers": 9,
  "non_attesting_bakers": 4,
  "dal_baking_power_percentage": 87.22856749399058,
  "total_baking_power": 411658602244108,
  "dal_baking_power": 359083901703320,
  "dal_participation_percentage": 71.98443579766537,
  "dal_adoption_percentage": 70.88122605363985
}