{
  "timestamp": "2025-09-01T00:42:19.289637",
  "cycle": 979,
  "total_bakers": 262,
  "dal_active_bakers": 178,
  "dal_inactive_bakers": 71,
  "unclassified_bakers": 11,
  "non_attesting_bakers": 2,
  "dal_baking_power_percentage": 85.660504491994,
  "total_baking_power": 408666335465918,
  "dal_baking_power": 350065644649050,
  "dal_participation_percentage": 68.46153846153847,
  "dal_adoption_percentage": 67.93893129770993
}