{
  "timestamp": "2025-05-19T06:32:56.364625",
  "cycle": 875,
  "total_bakers": 276,
  "dal_active_bakers": 130,
  "dal_inactive_bakers": 133,
  "unclassified_bakers": 9,
  "non_attesting_bakers": 4,
  "dal_baking_power_percentage": 45.23263569644868,
  "total_baking_power": 372026828556046,
  "dal_baking_power": 168277540053808,
  "dal_participation_percentage": 47.794117647058826,
  "dal_adoption_percentage": 47.10144927536232
}