{
  "timestamp": "2025-08-04T18:46:57.006803",
  "cycle": 952,
  "total_bakers": 267,
  "dal_active_bakers": 172,
  "dal_inactive_bakers": 79,
  "unclassified_bakers": 14,
  "non_attesting_bakers": 2,
  "dal_baking_power_percentage": 84.8062389895633,
  "total_baking_power": 401835144057358,
  "dal_baking_power": 340781272613339,
  "dal_participation_percentage": 64.90566037735849,
  "dal_adoption_percentage": 64.41947565543072
}