{
  "timestamp": "2025-05-12T06:30:04.099897",
  "cycle": 868,
  "total_bakers": 272,
  "dal_active_bakers": 126,
  "dal_inactive_bakers": 137,
  "unclassified_bakers": 7,
  "non_attesting_bakers": 2,
  "dal_baking_power_percentage": 42.20773870850933,
  "total_baking_power": 407271703569753,
  "dal_baking_power": 171900176476416,
  "dal_participation_percentage": 46.666666666666664,
  "dal_adoption_percentage": 46.32352941176471
}