{
  "timestamp": "2025-10-09T01:12:22.758482",
  "cycle": 1016,
  "total_bakers": 254,
  "dal_active_bakers": 185,
  "dal_inactive_bakers": 46,
  "unclassified_bakers": 17,
  "non_attesting_bakers": 6,
  "dal_baking_power_percentage": 87.87950316505429,
  "total_baking_power": 419197186999864,
  "dal_baking_power": 368388405217364,
  "dal_participation_percentage": 74.59677419354838,
  "dal_adoption_percentage": 72.83464566929135
}