{
  "timestamp": "2025-11-22T07:42:20+00:00",
  "cycle": 1061,
  "total_bakers": 261,
  "dal_active_bakers": 207,
  "dal_inactive_bakers": 54,
  "unclassified_bakers": 0,
  "non_attesting_bakers": 0,
  "dal_baking_power_percentage": 82.19303602587514,
  "total_baking_power": 409346378379891.0,
  "dal_baking_power": 336454216252399.0,
  "dal_participation_percentage": 79.3103448275862,
  "dal_adoption_percentage": 79.3103448275862
}