{
  "timestamp": "2025-09-29T00:52:41.023898",
  "cycle": 1007,
  "total_bakers": 247,
  "dal_active_bakers": 183,
  "dal_inactive_bakers": 48,
  "unclassified_bakers": 14,
  "non_attesting_bakers": 2,
  "dal_baking_power_percentage": 87.79309294338627,
  "total_baking_power": 411368782453842,
  "dal_baking_power": 361153377519778,
  "dal_participation_percentage": 74.6938775510204,
  "dal_adoption_percentage": 74.08906882591093
}