{
  "timestamp": "2025-06-11T12:36:35.306527",
  "cycle": 898,
  "total_bakers": 281,
  "dal_active_bakers": 172,
  "dal_inactive_bakers": 102,
  "unclassified_bakers": 5,
  "non_attesting_bakers": 2,
  "dal_baking_power_percentage": 71.71996235351301,
  "total_baking_power": 410470192744170,
  "dal_baking_power": 294389067708511,
  "dal_participation_percentage": 61.648745519713266,
  "dal_adoption_percentage": 61.20996441281139
}