{
  "timestamp": "2025-12-03T09:42:32+00:00",
  "cycle": 1072,
  "total_bakers": 264,
  "dal_active_bakers": 205,
  "dal_inactive_bakers": 59,
  "unclassified_bakers": 0,
  "non_attesting_bakers": 0,
  "dal_baking_power_percentage": 81.73244068511877,
  "total_baking_power": 410841621549370.0,
  "dal_baking_power": 335790884642619.0,
  "dal_participation_percentage": 77.65151515151516,
  "dal_adoption_percentage": 77.65151515151516
}