{
  "timestamp": "2025-08-30T06:43:52.001735",
  "cycle": 977,
  "total_bakers": 266,
  "dal_active_bakers": 182,
  "dal_inactive_bakers": 70,
  "unclassified_bakers": 11,
  "non_attesting_bakers": 3,
  "dal_baking_power_percentage": 85.69770176353678,
  "total_baking_power": 408418260057342,
  "dal_baking_power": 350005062451767,
  "dal_participation_percentage": 69.20152091254754,
  "dal_adoption_percentage": 68.42105263157895
}