{
  "timestamp": "2025-07-29T18:39:46.968894",
  "cycle": 946,
  "total_bakers": 269,
  "dal_active_bakers": 172,
  "dal_inactive_bakers": 80,
  "unclassified_bakers": 11,
  "non_attesting_bakers": 6,
  "dal_baking_power_percentage": 84.94232794911858,
  "total_baking_power": 400869853368321,
  "dal_baking_power": 340508185497270,
  "dal_participation_percentage": 65.39923954372624,
  "dal_adoption_percentage": 63.94052044609665
}