{
  "timestamp": "2025-08-23T18:38:51.736356",
  "cycle": 971,
  "total_bakers": 263,
  "dal_active_bakers": 185,
  "dal_inactive_bakers": 68,
  "unclassified_bakers": 9,
  "non_attesting_bakers": 1,
  "dal_baking_power_percentage": 87.09391935788918,
  "total_baking_power": 407391877519252,
  "dal_baking_power": 354813553277208,
  "dal_participation_percentage": 70.61068702290076,
  "dal_adoption_percentage": 70.34220532319392
}