{
  "timestamp": "2026-01-14T15:25:12+00:00",
  "cycle": 1114,
  "total_bakers": 259,
  "dal_active_bakers": 210,
  "dal_inactive_bakers": 49,
  "unclassified_bakers": 0,
  "non_attesting_bakers": 0,
  "dal_baking_power_percentage": 83.40643607322534,
  "total_baking_power": 412910148072059.0,
  "dal_baking_power": 344393638691582.0,
  "dal_participation_percentage": 81.08108108108108,
  "dal_adoption_percentage": 81.08108108108108
}