{
  "timestamp": "2026-03-13T09:16:31+00:00",
  "cycle": 1171,
  "total_bakers": 251,
  "dal_active_bakers": 210,
  "dal_inactive_bakers": 41,
  "unclassified_bakers": 0,
  "non_attesting_bakers": 0,
  "dal_baking_power_percentage": 86.91883618814545,
  "total_baking_power": 427422555142051.0,
  "dal_baking_power": 371510710535105.0,
  "dal_participation_percentage": 83.66533864541833,
  "dal_adoption_percentage": 83.66533864541833
}