{
  "timestamp": "2025-09-02T06:42:36.908264",
  "cycle": 980,
  "total_bakers": 260,
  "dal_active_bakers": 178,
  "dal_inactive_bakers": 70,
  "unclassified_bakers": 11,
  "non_attesting_bakers": 1,
  "dal_baking_power_percentage": 85.71877337939816,
  "total_baking_power": 408878843336611,
  "dal_baking_power": 350485929116014,
  "dal_participation_percentage": 68.72586872586872,
  "dal_adoption_percentage": 68.46153846153847
}