{
  "timestamp": "2026-03-01T07:17:04+00:00",
  "cycle": 1159,
  "total_bakers": 246,
  "dal_active_bakers": 204,
  "dal_inactive_bakers": 42,
  "unclassified_bakers": 0,
  "non_attesting_bakers": 0,
  "dal_baking_power_percentage": 88.60218052265775,
  "total_baking_power": 418805106084614.0,
  "dal_baking_power": 371070456131198.0,
  "dal_participation_percentage": 82.92682926829268,
  "dal_adoption_percentage": 82.92682926829268
}