{
  "timestamp": "2025-09-14T06:42:09.066496",
  "cycle": 992,
  "total_bakers": 259,
  "dal_active_bakers": 184,
  "dal_inactive_bakers": 66,
  "unclassified_bakers": 8,
  "non_attesting_bakers": 1,
  "dal_baking_power_percentage": 87.07593796261523,
  "total_baking_power": 411104625527094,
  "dal_baking_power": 357973208685414,
  "dal_participation_percentage": 71.31782945736434,
  "dal_adoption_percentage": 71.04247104247105
}