{
  "timestamp": "2025-09-27T00:57:52.023865",
  "cycle": 1005,
  "total_bakers": 248,
  "dal_active_bakers": 181,
  "dal_inactive_bakers": 42,
  "unclassified_bakers": 15,
  "non_attesting_bakers": 10,
  "dal_baking_power_percentage": 87.97179116520273,
  "total_baking_power": 410836122267309,
  "dal_baking_power": 361419895512214,
  "dal_participation_percentage": 76.05042016806722,
  "dal_adoption_percentage": 72.98387096774194
}