{
  "timestamp": "2025-07-15T18:39:14.923455",
  "cycle": 932,
  "total_bakers": 278,
  "dal_active_bakers": 175,
  "dal_inactive_bakers": 90,
  "unclassified_bakers": 8,
  "non_attesting_bakers": 5,
  "dal_baking_power_percentage": 84.9916325412647,
  "total_baking_power": 408350457274208,
  "dal_baking_power": 347063720127069,
  "dal_participation_percentage": 64.1025641025641,
  "dal_adoption_percentage": 62.94964028776978
}