{
  "timestamp": "2025-07-13T06:29:38.209455",
  "cycle": 930,
  "total_bakers": 276,
  "dal_active_bakers": 178,
  "dal_inactive_bakers": 86,
  "unclassified_bakers": 8,
  "non_attesting_bakers": 4,
  "dal_baking_power_percentage": 85.1879980383931,
  "total_baking_power": 407360627282128,
  "dal_baking_power": 347022363178285,
  "dal_participation_percentage": 65.44117647058823,
  "dal_adoption_percentage": 64.4927536231884
}