{
  "timestamp": "2026-05-23T11:37:10+00:00",
  "cycle": 1241,
  "total_bakers": 222,
  "dal_active_bakers": 193,
  "dal_inactive_bakers": 29,
  "unclassified_bakers": 0,
  "non_attesting_bakers": 0,
  "dal_baking_power_percentage": 87.54028860723257,
  "total_baking_power": 409383771401013.0,
  "dal_baking_power": 358375734995620.0,
  "dal_participation_percentage": 86.93693693693693,
  "dal_adoption_percentage": 86.93693693693693
}