{
  "timestamp": "2026-03-10T08:47:22+00:00",
  "cycle": 1168,
  "total_bakers": 249,
  "dal_active_bakers": 207,
  "dal_inactive_bakers": 42,
  "unclassified_bakers": 0,
  "non_attesting_bakers": 0,
  "dal_baking_power_percentage": 87.8782067434146,
  "total_baking_power": 426397972624809.0,
  "dal_baking_power": 374710891932958.0,
  "dal_participation_percentage": 83.13253012048193,
  "dal_adoption_percentage": 83.13253012048193
}