{
  "timestamp": "2025-05-31T18:32:12.618829",
  "cycle": 887,
  "total_bakers": 282,
  "dal_active_bakers": 149,
  "dal_inactive_bakers": 123,
  "unclassified_bakers": 5,
  "non_attesting_bakers": 5,
  "dal_baking_power_percentage": 66.53473167371227,
  "total_baking_power": 405502680488220,
  "dal_baking_power": 269800120392548,
  "dal_participation_percentage": 53.79061371841155,
  "dal_adoption_percentage": 52.836879432624116
}