{
  "timestamp": "2025-07-15T12:39:25.561111",
  "cycle": 932,
  "total_bakers": 276,
  "dal_active_bakers": 174,
  "dal_inactive_bakers": 89,
  "unclassified_bakers": 10,
  "non_attesting_bakers": 3,
  "dal_baking_power_percentage": 84.98981010301677,
  "total_baking_power": 408350457274208,
  "dal_baking_power": 347056278192150,
  "dal_participation_percentage": 63.73626373626373,
  "dal_adoption_percentage": 63.04347826086957
}