{
  "timestamp": "2025-07-30T12:38:16.979957",
  "cycle": 947,
  "total_bakers": 267,
  "dal_active_bakers": 170,
  "dal_inactive_bakers": 81,
  "unclassified_bakers": 11,
  "non_attesting_bakers": 5,
  "dal_baking_power_percentage": 84.90430691614165,
  "total_baking_power": 400703173517638,
  "dal_baking_power": 340214252266135,
  "dal_participation_percentage": 64.8854961832061,
  "dal_adoption_percentage": 63.670411985018724
}