{
  "timestamp": "2026-05-12T07:12:01+00:00",
  "cycle": 1230,
  "total_bakers": 231,
  "dal_active_bakers": 202,
  "dal_inactive_bakers": 29,
  "unclassified_bakers": 0,
  "non_attesting_bakers": 0,
  "dal_baking_power_percentage": 87.51109823190247,
  "total_baking_power": 396804325649757.0,
  "dal_baking_power": 347247823207797.0,
  "dal_participation_percentage": 87.44588744588745,
  "dal_adoption_percentage": 87.44588744588745
}