{
  "timestamp": "2025-07-04T06:35:52.697815",
  "cycle": 921,
  "total_bakers": 275,
  "dal_active_bakers": 173,
  "dal_inactive_bakers": 89,
  "unclassified_bakers": 10,
  "non_attesting_bakers": 3,
  "dal_baking_power_percentage": 85.15919733074419,
  "total_baking_power": 408352214653016,
  "dal_baking_power": 347749468280826,
  "dal_participation_percentage": 63.60294117647059,
  "dal_adoption_percentage": 62.909090909090914
}