{
  "timestamp": "2025-10-19T19:18:19.872613",
  "cycle": 1027,
  "total_bakers": 304,
  "dal_active_bakers": 188,
  "dal_inactive_bakers": 43,
  "unclassified_bakers": 19,
  "non_attesting_bakers": 54,
  "dal_baking_power_percentage": 87.55618648100558,
  "total_baking_power": 411164039179981,
  "dal_baking_power": 359999552887259,
  "dal_participation_percentage": 75.2,
  "dal_adoption_percentage": 61.8421052631579
}