{
  "timestamp": "2025-06-09T06:35:49.973987",
  "cycle": 896,
  "total_bakers": 279,
  "dal_active_bakers": 169,
  "dal_inactive_bakers": 103,
  "unclassified_bakers": 7,
  "non_attesting_bakers": 0,
  "dal_baking_power_percentage": 70.77708093483454,
  "total_baking_power": 409960101571245,
  "dal_baking_power": 290157792889610,
  "dal_participation_percentage": 60.57347670250897,
  "dal_adoption_percentage": 60.57347670250897
}