{
  "timestamp": "2025-10-29T01:29:31.845154",
  "cycle": 1036,
  "total_bakers": 253,
  "dal_active_bakers": 186,
  "dal_inactive_bakers": 43,
  "unclassified_bakers": 23,
  "non_attesting_bakers": 1,
  "dal_baking_power_percentage": 87.46318299546189,
  "total_baking_power": 413138074965403,
  "dal_baking_power": 361343710530919,
  "dal_participation_percentage": 73.80952380952381,
  "dal_adoption_percentage": 73.51778656126481
}