{
  "timestamp": "2025-07-14T00:37:28.704529",
  "cycle": 930,
  "total_bakers": 277,
  "dal_active_bakers": 180,
  "dal_inactive_bakers": 86,
  "unclassified_bakers": 7,
  "non_attesting_bakers": 4,
  "dal_baking_power_percentage": 85.20745851503018,
  "total_baking_power": 407625845237513,
  "dal_baking_power": 347327622977295,
  "dal_participation_percentage": 65.93406593406593,
  "dal_adoption_percentage": 64.98194945848375
}