{
  "timestamp": "2025-08-12T12:39:41.488270",
  "cycle": 960,
  "total_bakers": 266,
  "dal_active_bakers": 184,
  "dal_inactive_bakers": 68,
  "unclassified_bakers": 9,
  "non_attesting_bakers": 5,
  "dal_baking_power_percentage": 86.89091302415723,
  "total_baking_power": 403025981243094,
  "dal_baking_power": 350192954826693,
  "dal_participation_percentage": 70.49808429118774,
  "dal_adoption_percentage": 69.17293233082707
}