{
  "timestamp": "2025-11-01T07:28:32.372630",
  "cycle": 1040,
  "total_bakers": 259,
  "dal_active_bakers": 181,
  "dal_inactive_bakers": 40,
  "unclassified_bakers": 30,
  "non_attesting_bakers": 8,
  "dal_baking_power_percentage": 87.18669714873867,
  "total_baking_power": 410770057941851,
  "dal_baking_power": 358136846395460,
  "dal_participation_percentage": 72.11155378486056,
  "dal_adoption_percentage": 69.88416988416989
}