{
  "timestamp": "2025-07-19T00:38:06.767935",
  "cycle": 935,
  "total_bakers": 273,
  "dal_active_bakers": 180,
  "dal_inactive_bakers": 83,
  "unclassified_bakers": 9,
  "non_attesting_bakers": 1,
  "dal_baking_power_percentage": 85.05766380526867,
  "total_baking_power": 408022471333615,
  "dal_baking_power": 347054381916895,
  "dal_participation_percentage": 66.17647058823529,
  "dal_adoption_percentage": 65.93406593406593
}