{
  "timestamp": "2025-10-03T07:02:05.828407",
  "cycle": 1011,
  "total_bakers": 249,
  "dal_active_bakers": 188,
  "dal_inactive_bakers": 46,
  "unclassified_bakers": 14,
  "non_attesting_bakers": 1,
  "dal_baking_power_percentage": 87.96064018088823,
  "total_baking_power": 414475667085391,
  "dal_baking_power": 364575450162317,
  "dal_participation_percentage": 75.80645161290323,
  "dal_adoption_percentage": 75.50200803212851
}