{
  "timestamp": "2025-10-21T07:12:56.818612",
  "cycle": 1029,
  "total_bakers": 250,
  "dal_active_bakers": 187,
  "dal_inactive_bakers": 43,
  "unclassified_bakers": 19,
  "non_attesting_bakers": 1,
  "dal_baking_power_percentage": 87.54111644621966,
  "total_baking_power": 411542434819172,
  "dal_baking_power": 360268842090659,
  "dal_participation_percentage": 75.1004016064257,
  "dal_adoption_percentage": 74.8
}