{
  "timestamp": "2025-08-26T12:32:19.080456",
  "cycle": 974,
  "total_bakers": 262,
  "dal_active_bakers": 182,
  "dal_inactive_bakers": 68,
  "unclassified_bakers": 11,
  "non_attesting_bakers": 1,
  "dal_baking_power_percentage": 85.60033362455302,
  "total_baking_power": 407757407094568,
  "dal_baking_power": 349041700851777,
  "dal_participation_percentage": 69.73180076628353,
  "dal_adoption_percentage": 69.46564885496184
}