{
  "timestamp": "2025-07-26T18:44:44.671052",
  "cycle": 943,
  "total_bakers": 273,
  "dal_active_bakers": 174,
  "dal_inactive_bakers": 81,
  "unclassified_bakers": 9,
  "non_attesting_bakers": 9,
  "dal_baking_power_percentage": 84.79600214101387,
  "total_baking_power": 399559951794975,
  "dal_baking_power": 338810865278701,
  "dal_participation_percentage": 65.9090909090909,
  "dal_adoption_percentage": 63.73626373626373
}