{
  "timestamp": "2025-07-03T18:39:31.758785",
  "cycle": 920,
  "total_bakers": 278,
  "dal_active_bakers": 178,
  "dal_inactive_bakers": 89,
  "unclassified_bakers": 10,
  "non_attesting_bakers": 1,
  "dal_baking_power_percentage": 85.17262477973048,
  "total_baking_power": 408631022604773,
  "dal_baking_power": 348041767616739,
  "dal_participation_percentage": 64.25992779783394,
  "dal_adoption_percentage": 64.02877697841727
}