{
  "timestamp": "2025-08-05T00:47:19.441620",
  "cycle": 952,
  "total_bakers": 268,
  "dal_active_bakers": 172,
  "dal_inactive_bakers": 80,
  "unclassified_bakers": 14,
  "non_attesting_bakers": 2,
  "dal_baking_power_percentage": 84.80468391691937,
  "total_baking_power": 401842512551774,
  "dal_baking_power": 340781272613339,
  "dal_participation_percentage": 64.66165413533834,
  "dal_adoption_percentage": 64.17910447761194
}