{
  "timestamp": "2025-09-13T06:42:55.217823",
  "cycle": 991,
  "total_bakers": 259,
  "dal_active_bakers": 184,
  "dal_inactive_bakers": 65,
  "unclassified_bakers": 9,
  "non_attesting_bakers": 1,
  "dal_baking_power_percentage": 87.06801503285153,
  "total_baking_power": 410785467959492,
  "dal_baking_power": 357662752995740,
  "dal_participation_percentage": 71.31782945736434,
  "dal_adoption_percentage": 71.04247104247105
}