{
  "timestamp": "2025-07-10T12:38:06.221998",
  "cycle": 927,
  "total_bakers": 275,
  "dal_active_bakers": 173,
  "dal_inactive_bakers": 89,
  "unclassified_bakers": 11,
  "non_attesting_bakers": 2,
  "dal_baking_power_percentage": 84.9305805298085,
  "total_baking_power": 409557243990831,
  "dal_baking_power": 347839344923297,
  "dal_participation_percentage": 63.369963369963365,
  "dal_adoption_percentage": 62.909090909090914
}