{
  "timestamp": "2025-07-03T06:34:16.749475",
  "cycle": 920,
  "total_bakers": 277,
  "dal_active_bakers": 178,
  "dal_inactive_bakers": 88,
  "unclassified_bakers": 11,
  "non_attesting_bakers": 0,
  "dal_baking_power_percentage": 85.17262477973048,
  "total_baking_power": 408631022604773,
  "dal_baking_power": 348041767616739,
  "dal_participation_percentage": 64.25992779783394,
  "dal_adoption_percentage": 64.25992779783394
}