{
  "timestamp": "2025-07-17T00:37:04.064190",
  "cycle": 933,
  "total_bakers": 276,
  "dal_active_bakers": 180,
  "dal_inactive_bakers": 84,
  "unclassified_bakers": 8,
  "non_attesting_bakers": 4,
  "dal_baking_power_percentage": 85.1228472382265,
  "total_baking_power": 408536903388687,
  "dal_baking_power": 347758244183333,
  "dal_participation_percentage": 66.17647058823529,
  "dal_adoption_percentage": 65.21739130434783
}