{
  "timestamp": "2026-05-25T12:11:10+00:00",
  "cycle": 1243,
  "total_bakers": 221,
  "dal_active_bakers": 191,
  "dal_inactive_bakers": 30,
  "unclassified_bakers": 0,
  "non_attesting_bakers": 0,
  "dal_baking_power_percentage": 87.95733426733563,
  "total_baking_power": 412590179757493.0,
  "dal_baking_power": 362903323563499.0,
  "dal_participation_percentage": 86.42533936651584,
  "dal_adoption_percentage": 86.42533936651584
}