{
  "timestamp": "2026-03-21T12:04:55+00:00",
  "cycle": 1179,
  "total_bakers": 246,
  "dal_active_bakers": 210,
  "dal_inactive_bakers": 36,
  "unclassified_bakers": 0,
  "non_attesting_bakers": 0,
  "dal_baking_power_percentage": 88.61033388188979,
  "total_baking_power": 428028645318427.0,
  "dal_baking_power": 379277611726788.0,
  "dal_participation_percentage": 85.36585365853658,
  "dal_adoption_percentage": 85.36585365853658
}