{
  "timestamp": "2025-11-11T06:49:44+00:00",
  "cycle": 1050,
  "total_bakers": 254,
  "dal_active_bakers": 195,
  "dal_inactive_bakers": 59,
  "unclassified_bakers": 0,
  "non_attesting_bakers": 0,
  "dal_baking_power_percentage": 82.74032448125106,
  "total_baking_power": 410478243052569.0,
  "dal_baking_power": 339631030226634.0,
  "dal_participation_percentage": 76.77165354330708,
  "dal_adoption_percentage": 76.77165354330708
}