{
  "timestamp": "2025-08-10T00:42:38.455183",
  "cycle": 957,
  "total_bakers": 264,
  "dal_active_bakers": 182,
  "dal_inactive_bakers": 70,
  "unclassified_bakers": 8,
  "non_attesting_bakers": 4,
  "dal_baking_power_percentage": 86.51729526733438,
  "total_baking_power": 401609469348763,
  "dal_baking_power": 347461650418044,
  "dal_participation_percentage": 70.0,
  "dal_adoption_percentage": 68.93939393939394
}