{
  "timestamp": "2026-03-18T11:30:40+00:00",
  "cycle": 1176,
  "total_bakers": 248,
  "dal_active_bakers": 210,
  "dal_inactive_bakers": 38,
  "unclassified_bakers": 0,
  "non_attesting_bakers": 0,
  "dal_baking_power_percentage": 87.51420642499248,
  "total_baking_power": 428418539643755.0,
  "dal_baking_power": 374927085146774.0,
  "dal_participation_percentage": 84.67741935483872,
  "dal_adoption_percentage": 84.67741935483872
}