{
  "timestamp": "2025-06-05T12:34:46.606891",
  "cycle": 892,
  "total_bakers": 279,
  "dal_active_bakers": 168,
  "dal_inactive_bakers": 105,
  "unclassified_bakers": 3,
  "non_attesting_bakers": 3,
  "dal_baking_power_percentage": 70.70135894625967,
  "total_baking_power": 408031888295093,
  "dal_baking_power": 288484089958715,
  "dal_participation_percentage": 60.86956521739131,
  "dal_adoption_percentage": 60.215053763440864
}