{
  "timestamp": "2025-10-12T19:08:47.506603",
  "cycle": 1020,
  "total_bakers": 301,
  "dal_active_bakers": 190,
  "dal_inactive_bakers": 45,
  "unclassified_bakers": 16,
  "non_attesting_bakers": 50,
  "dal_baking_power_percentage": 87.99771065211783,
  "total_baking_power": 419073316122630,
  "dal_baking_power": 368774924141827,
  "dal_participation_percentage": 75.69721115537848,
  "dal_adoption_percentage": 63.12292358803987
}