{
  "timestamp": "2025-11-02T07:26:12.751532",
  "cycle": 1041,
  "total_bakers": 257,
  "dal_active_bakers": 185,
  "dal_inactive_bakers": 38,
  "unclassified_bakers": 26,
  "non_attesting_bakers": 8,
  "dal_baking_power_percentage": 87.54494453091887,
  "total_baking_power": 411681316069127,
  "dal_baking_power": 360406179796874,
  "dal_participation_percentage": 74.29718875502009,
  "dal_adoption_percentage": 71.98443579766537
}