{
  "timestamp": "2025-08-25T06:39:30.401450",
  "cycle": 972,
  "total_bakers": 261,
  "dal_active_bakers": 186,
  "dal_inactive_bakers": 68,
  "unclassified_bakers": 6,
  "non_attesting_bakers": 1,
  "dal_baking_power_percentage": 87.12526188486464,
  "total_baking_power": 407387959906519,
  "dal_baking_power": 354937826955962,
  "dal_participation_percentage": 71.53846153846153,
  "dal_adoption_percentage": 71.26436781609196
}