{
  "timestamp": "2025-10-30T13:35:00.026746",
  "cycle": 1038,
  "total_bakers": 253,
  "dal_active_bakers": 184,
  "dal_inactive_bakers": 43,
  "unclassified_bakers": 24,
  "non_attesting_bakers": 2,
  "dal_baking_power_percentage": 87.35367111147207,
  "total_baking_power": 410746119853059,
  "dal_baking_power": 358801814639574,
  "dal_participation_percentage": 73.30677290836654,
  "dal_adoption_percentage": 72.72727272727273
}