{
  "timestamp": "2025-11-01T19:33:45.048844",
  "cycle": 1040,
  "total_bakers": 259,
  "dal_active_bakers": 184,
  "dal_inactive_bakers": 41,
  "unclassified_bakers": 26,
  "non_attesting_bakers": 8,
  "dal_baking_power_percentage": 87.41187284976724,
  "total_baking_power": 410770057941851,
  "dal_baking_power": 359061800753046,
  "dal_participation_percentage": 73.30677290836654,
  "dal_adoption_percentage": 71.04247104247105
}