{
  "timestamp": "2025-06-18T12:39:02.359700",
  "cycle": 905,
  "total_bakers": 282,
  "dal_active_bakers": 175,
  "dal_inactive_bakers": 95,
  "unclassified_bakers": 10,
  "non_attesting_bakers": 2,
  "dal_baking_power_percentage": 73.95322580599988,
  "total_baking_power": 410015451277262,
  "dal_baking_power": 303219652522563,
  "dal_participation_percentage": 62.5,
  "dal_adoption_percentage": 62.056737588652474
}