{
  "timestamp": "2025-08-29T06:44:19.207999",
  "cycle": 976,
  "total_bakers": 267,
  "dal_active_bakers": 182,
  "dal_inactive_bakers": 69,
  "unclassified_bakers": 11,
  "non_attesting_bakers": 5,
  "dal_baking_power_percentage": 85.77412647519644,
  "total_baking_power": 408056012698486,
  "dal_baking_power": 350006480421643,
  "dal_participation_percentage": 69.46564885496184,
  "dal_adoption_percentage": 68.16479400749064
}