{
  "timestamp": "2025-08-08T18:42:16.795818",
  "cycle": 956,
  "total_bakers": 264,
  "dal_active_bakers": 181,
  "dal_inactive_bakers": 72,
  "unclassified_bakers": 8,
  "non_attesting_bakers": 3,
  "dal_baking_power_percentage": 86.42631525297415,
  "total_baking_power": 401936846903102,
  "dal_baking_power": 347379206422339,
  "dal_participation_percentage": 69.34865900383141,
  "dal_adoption_percentage": 68.56060606060606
}