{
  "timestamp": "2025-10-02T00:51:52.261565",
  "cycle": 1010,
  "total_bakers": 251,
  "dal_active_bakers": 188,
  "dal_inactive_bakers": 46,
  "unclassified_bakers": 15,
  "non_attesting_bakers": 2,
  "dal_baking_power_percentage": 87.89518778521648,
  "total_baking_power": 412593045383019,
  "dal_baking_power": 362649432028148,
  "dal_participation_percentage": 75.50200803212851,
  "dal_adoption_percentage": 74.9003984063745
}