{
  "timestamp": "2025-10-04T07:10:26.267901",
  "cycle": 1012,
  "total_bakers": 250,
  "dal_active_bakers": 185,
  "dal_inactive_bakers": 45,
  "unclassified_bakers": 19,
  "non_attesting_bakers": 1,
  "dal_baking_power_percentage": 87.8009136867486,
  "total_baking_power": 415337798731032,
  "dal_baking_power": 364670382172275,
  "dal_participation_percentage": 74.29718875502009,
  "dal_adoption_percentage": 74.0
}