{
  "timestamp": "2025-09-12T18:40:51.338129",
  "cycle": 991,
  "total_bakers": 259,
  "dal_active_bakers": 183,
  "dal_inactive_bakers": 65,
  "unclassified_bakers": 10,
  "non_attesting_bakers": 1,
  "dal_baking_power_percentage": 87.06581177705772,
  "total_baking_power": 410785467959492,
  "dal_baking_power": 357653702341117,
  "dal_participation_percentage": 70.93023255813954,
  "dal_adoption_percentage": 70.65637065637065
}