{
  "timestamp": "2025-11-14T07:04:08+00:00",
  "cycle": 1053,
  "total_bakers": 265,
  "dal_active_bakers": 197,
  "dal_inactive_bakers": 68,
  "unclassified_bakers": 0,
  "non_attesting_bakers": 0,
  "dal_baking_power_percentage": 82.67345037551492,
  "total_baking_power": 410405326872633.0,
  "dal_baking_power": 339296244250516.0,
  "dal_participation_percentage": 74.33962264150942,
  "dal_adoption_percentage": 74.33962264150942
}