{
  "timestamp": "2025-05-08T12:29:02.069509",
  "cycle": 864,
  "total_bakers": 274,
  "dal_active_bakers": 119,
  "dal_inactive_bakers": 137,
  "unclassified_bakers": 6,
  "non_attesting_bakers": 12,
  "dal_baking_power_percentage": 41.92541981922741,
  "total_baking_power": 404019892062928,
  "dal_baking_power": 169387035900572,
  "dal_participation_percentage": 45.41984732824427,
  "dal_adoption_percentage": 43.43065693430657
}