{
  "timestamp": "2025-06-29T18:36:24.435658",
  "cycle": 916,
  "total_bakers": 283,
  "dal_active_bakers": 174,
  "dal_inactive_bakers": 95,
  "unclassified_bakers": 7,
  "non_attesting_bakers": 7,
  "dal_baking_power_percentage": 74.96918694802923,
  "total_baking_power": 408455409544127,
  "dal_baking_power": 306215699580475,
  "dal_participation_percentage": 63.04347826086957,
  "dal_adoption_percentage": 61.48409893992933
}