{
  "timestamp": "2025-08-17T12:29:44.385241",
  "cycle": 965,
  "total_bakers": 263,
  "dal_active_bakers": 181,
  "dal_inactive_bakers": 67,
  "unclassified_bakers": 12,
  "non_attesting_bakers": 3,
  "dal_baking_power_percentage": 86.95119426527889,
  "total_baking_power": 405277671211244,
  "dal_baking_power": 352393775208687,
  "dal_participation_percentage": 69.61538461538461,
  "dal_adoption_percentage": 68.8212927756654
}