{
  "timestamp": "2026-07-08T13:12:04+00:00",
  "cycle": 1286,
  "total_bakers": 198,
  "dal_active_bakers": 169,
  "dal_inactive_bakers": 29,
  "unclassified_bakers": 0,
  "non_attesting_bakers": 0,
  "dal_baking_power_percentage": 86.20235982868728,
  "total_baking_power": 427070877462452.0,
  "dal_baking_power": 368145174513715.0,
  "dal_participation_percentage": 85.35353535353535,
  "dal_adoption_percentage": 85.35353535353535
}