{
  "timestamp": "2025-07-31T18:40:36.857973",
  "cycle": 948,
  "total_bakers": 270,
  "dal_active_bakers": 171,
  "dal_inactive_bakers": 80,
  "unclassified_bakers": 13,
  "non_attesting_bakers": 6,
  "dal_baking_power_percentage": 85.04669344760755,
  "total_baking_power": 403079039893157,
  "dal_baking_power": 342805395409493,
  "dal_participation_percentage": 64.77272727272727,
  "dal_adoption_percentage": 63.33333333333333
}