{
  "timestamp": "2026-01-18T15:36:24+00:00",
  "cycle": 1118,
  "total_bakers": 260,
  "dal_active_bakers": 216,
  "dal_inactive_bakers": 44,
  "unclassified_bakers": 0,
  "non_attesting_bakers": 0,
  "dal_baking_power_percentage": 83.40639527150776,
  "total_baking_power": 410779415020455.0,
  "dal_baking_power": 342616302585948.0,
  "dal_participation_percentage": 83.07692307692308,
  "dal_adoption_percentage": 83.07692307692308
}