{
  "timestamp": "2025-05-22T12:30:29.564042",
  "cycle": 878,
  "total_bakers": 277,
  "dal_active_bakers": 136,
  "dal_inactive_bakers": 134,
  "unclassified_bakers": 4,
  "non_attesting_bakers": 3,
  "dal_baking_power_percentage": 49.6947949976283,
  "total_baking_power": 405676125353968,
  "dal_baking_power": 201599918848976,
  "dal_participation_percentage": 49.63503649635037,
  "dal_adoption_percentage": 49.09747292418773
}