{
  "timestamp": "2025-12-01T09:36:24+00:00",
  "cycle": 1070,
  "total_bakers": 266,
  "dal_active_bakers": 208,
  "dal_inactive_bakers": 58,
  "unclassified_bakers": 0,
  "non_attesting_bakers": 0,
  "dal_baking_power_percentage": 82.41993125916825,
  "total_baking_power": 410370413056734.0,
  "dal_baking_power": 338227012349325.0,
  "dal_participation_percentage": 78.19548872180451,
  "dal_adoption_percentage": 78.19548872180451
}