{
  "timestamp": "2026-01-11T15:11:00+00:00",
  "cycle": 1111,
  "total_bakers": 259,
  "dal_active_bakers": 210,
  "dal_inactive_bakers": 49,
  "unclassified_bakers": 0,
  "non_attesting_bakers": 0,
  "dal_baking_power_percentage": 83.07742079135595,
  "total_baking_power": 412329111800535.0,
  "dal_baking_power": 342552391255791.0,
  "dal_participation_percentage": 81.08108108108108,
  "dal_adoption_percentage": 81.08108108108108
}