{
  "timestamp": "2025-09-23T06:55:14.978436",
  "cycle": 1001,
  "total_bakers": 244,
  "dal_active_bakers": 177,
  "dal_inactive_bakers": 46,
  "unclassified_bakers": 20,
  "non_attesting_bakers": 1,
  "dal_baking_power_percentage": 87.86152758795934,
  "total_baking_power": 409974564764693,
  "dal_baking_power": 360209915324347,
  "dal_participation_percentage": 72.8395061728395,
  "dal_adoption_percentage": 72.54098360655738
}