{
  "timestamp": "2025-09-27T06:58:55.382215",
  "cycle": 1005,
  "total_bakers": 249,
  "dal_active_bakers": 181,
  "dal_inactive_bakers": 42,
  "unclassified_bakers": 15,
  "non_attesting_bakers": 11,
  "dal_baking_power_percentage": 87.97179116520273,
  "total_baking_power": 410836122267309,
  "dal_baking_power": 361419895512214,
  "dal_participation_percentage": 76.05042016806722,
  "dal_adoption_percentage": 72.69076305220884
}