{
  "timestamp": "2025-10-29T13:34:37.208514",
  "cycle": 1037,
  "total_bakers": 252,
  "dal_active_bakers": 184,
  "dal_inactive_bakers": 42,
  "unclassified_bakers": 26,
  "non_attesting_bakers": 0,
  "dal_baking_power_percentage": 87.44029573665757,
  "total_baking_power": 408961646187215,
  "dal_baking_power": 357597272875604,
  "dal_participation_percentage": 73.01587301587301,
  "dal_adoption_percentage": 73.01587301587301
}