{
  "timestamp": "2025-05-12T18:30:12.431852",
  "cycle": 869,
  "total_bakers": 272,
  "dal_active_bakers": 125,
  "dal_inactive_bakers": 132,
  "unclassified_bakers": 12,
  "non_attesting_bakers": 3,
  "dal_baking_power_percentage": 42.1409023458164,
  "total_baking_power": 407279124862828,
  "dal_baking_power": 171631098283340,
  "dal_participation_percentage": 46.468401486988846,
  "dal_adoption_percentage": 45.955882352941174
}