{
  "timestamp": "2025-07-18T00:38:10.267042",
  "cycle": 934,
  "total_bakers": 275,
  "dal_active_bakers": 179,
  "dal_inactive_bakers": 83,
  "unclassified_bakers": 9,
  "non_attesting_bakers": 4,
  "dal_baking_power_percentage": 85.10536656200284,
  "total_baking_power": 407971056134954,
  "dal_baking_power": 347205262790527,
  "dal_participation_percentage": 66.05166051660517,
  "dal_adoption_percentage": 65.0909090909091
}