{
  "timestamp": "2026-01-05T14:32:32+00:00",
  "cycle": 1105,
  "total_bakers": 257,
  "dal_active_bakers": 210,
  "dal_inactive_bakers": 47,
  "unclassified_bakers": 0,
  "non_attesting_bakers": 0,
  "dal_baking_power_percentage": 83.42523631471687,
  "total_baking_power": 411211376526028.0,
  "dal_baking_power": 343054062619839.0,
  "dal_participation_percentage": 81.71206225680933,
  "dal_adoption_percentage": 81.71206225680933
}