{
  "timestamp": "2025-11-21T07:37:52+00:00",
  "cycle": 1060,
  "total_bakers": 262,
  "dal_active_bakers": 206,
  "dal_inactive_bakers": 56,
  "unclassified_bakers": 0,
  "non_attesting_bakers": 0,
  "dal_baking_power_percentage": 82.18713358148607,
  "total_baking_power": 410368054108679.0,
  "dal_baking_power": 337269740806045.0,
  "dal_participation_percentage": 78.62595419847328,
  "dal_adoption_percentage": 78.62595419847328
}