{
  "timestamp": "2026-03-09T08:38:19+00:00",
  "cycle": 1167,
  "total_bakers": 248,
  "dal_active_bakers": 210,
  "dal_inactive_bakers": 38,
  "unclassified_bakers": 0,
  "non_attesting_bakers": 0,
  "dal_baking_power_percentage": 88.27691753909554,
  "total_baking_power": 411413444588821.0,
  "dal_baking_power": 363183107224426.0,
  "dal_participation_percentage": 84.67741935483872,
  "dal_adoption_percentage": 84.67741935483872
}