{
  "timestamp": "2026-03-23T12:26:55+00:00",
  "cycle": 1181,
  "total_bakers": 247,
  "dal_active_bakers": 211,
  "dal_inactive_bakers": 36,
  "unclassified_bakers": 0,
  "non_attesting_bakers": 0,
  "dal_baking_power_percentage": 88.580623036219,
  "total_baking_power": 423018401431488.0,
  "dal_baking_power": 374712335545866.0,
  "dal_participation_percentage": 85.4251012145749,
  "dal_adoption_percentage": 85.4251012145749
}