{
  "timestamp": "2025-07-14T12:39:45.946566",
  "cycle": 931,
  "total_bakers": 276,
  "dal_active_bakers": 179,
  "dal_inactive_bakers": 86,
  "unclassified_bakers": 8,
  "non_attesting_bakers": 3,
  "dal_baking_power_percentage": 85.04272389530762,
  "total_baking_power": 408357958304014,
  "dal_baking_power": 347278730984998,
  "dal_participation_percentage": 65.56776556776556,
  "dal_adoption_percentage": 64.85507246376811
}