{
  "timestamp": "2025-06-03T18:32:25.927774",
  "cycle": 890,
  "total_bakers": 281,
  "dal_active_bakers": 162,
  "dal_inactive_bakers": 112,
  "unclassified_bakers": 5,
  "non_attesting_bakers": 2,
  "dal_baking_power_percentage": 69.98214602002594,
  "total_baking_power": 407794624641987,
  "dal_baking_power": 285383429678772,
  "dal_participation_percentage": 58.06451612903226,
  "dal_adoption_percentage": 57.65124555160143
}