{
  "timestamp": "2025-10-29T07:24:54.628184",
  "cycle": 1037,
  "total_bakers": 252,
  "dal_active_bakers": 182,
  "dal_inactive_bakers": 42,
  "unclassified_bakers": 28,
  "non_attesting_bakers": 0,
  "dal_baking_power_percentage": 87.40219554327791,
  "total_baking_power": 408961646187215,
  "dal_baking_power": 357441457697558,
  "dal_participation_percentage": 72.22222222222221,
  "dal_adoption_percentage": 72.22222222222221
}