{
  "timestamp": "2025-06-11T18:36:38.055114",
  "cycle": 898,
  "total_bakers": 282,
  "dal_active_bakers": 172,
  "dal_inactive_bakers": 102,
  "unclassified_bakers": 5,
  "non_attesting_bakers": 3,
  "dal_baking_power_percentage": 71.71996235351301,
  "total_baking_power": 410470192744170,
  "dal_baking_power": 294389067708511,
  "dal_participation_percentage": 61.648745519713266,
  "dal_adoption_percentage": 60.99290780141844
}