{
  "timestamp": "2025-06-07T06:34:34.326858",
  "cycle": 894,
  "total_bakers": 280,
  "dal_active_bakers": 169,
  "dal_inactive_bakers": 104,
  "unclassified_bakers": 6,
  "non_attesting_bakers": 1,
  "dal_baking_power_percentage": 70.78510425965119,
  "total_baking_power": 409799519554084,
  "dal_baking_power": 290077017171908,
  "dal_participation_percentage": 60.57347670250897,
  "dal_adoption_percentage": 60.357142857142854
}