{
  "timestamp": "2025-07-19T06:28:43.357245",
  "cycle": 936,
  "total_bakers": 270,
  "dal_active_bakers": 180,
  "dal_inactive_bakers": 82,
  "unclassified_bakers": 8,
  "non_attesting_bakers": 0,
  "dal_baking_power_percentage": 84.82633973303756,
  "total_baking_power": 407035272834871,
  "dal_baking_power": 345273123368204,
  "dal_participation_percentage": 66.66666666666666,
  "dal_adoption_percentage": 66.66666666666666
}