{
  "timestamp": "2026-06-03T16:15:43+00:00",
  "cycle": 1252,
  "total_bakers": 241,
  "dal_active_bakers": 193,
  "dal_inactive_bakers": 48,
  "unclassified_bakers": 0,
  "non_attesting_bakers": 0,
  "dal_baking_power_percentage": 88.74647110361839,
  "total_baking_power": 419960593244327.0,
  "dal_baking_power": 372700206530161.0,
  "dal_participation_percentage": 80.08298755186722,
  "dal_adoption_percentage": 80.08298755186722
}