{
  "timestamp": "2025-10-04T01:01:40.204815",
  "cycle": 1012,
  "total_bakers": 250,
  "dal_active_bakers": 184,
  "dal_inactive_bakers": 45,
  "unclassified_bakers": 20,
  "non_attesting_bakers": 1,
  "dal_baking_power_percentage": 87.72067612594743,
  "total_baking_power": 415337798731032,
  "dal_baking_power": 364337125253488,
  "dal_participation_percentage": 73.89558232931726,
  "dal_adoption_percentage": 73.6
}