{
  "timestamp": "2025-05-03T00:26:29.362962",
  "cycle": 859,
  "total_bakers": 289,
  "dal_active_bakers": 106,
  "dal_inactive_bakers": 138,
  "unclassified_bakers": 42,
  "non_attesting_bakers": 3,
  "dal_baking_power_percentage": 38.19738806820365,
  "total_baking_power": 387030949197489,
  "dal_baking_power": 147835713609017,
  "dal_participation_percentage": 37.06293706293706,
  "dal_adoption_percentage": 36.67820069204152
}