{
  "timestamp": "2025-10-08T13:14:17.645553",
  "cycle": 1016,
  "total_bakers": 253,
  "dal_active_bakers": 184,
  "dal_inactive_bakers": 46,
  "unclassified_bakers": 18,
  "non_attesting_bakers": 5,
  "dal_baking_power_percentage": 87.87584397003683,
  "total_baking_power": 419197186999864,
  "dal_baking_power": 368373065974784,
  "dal_participation_percentage": 74.19354838709677,
  "dal_adoption_percentage": 72.72727272727273
}