{
  "timestamp": "2025-05-25T06:31:07.057236",
  "cycle": 881,
  "total_bakers": 278,
  "dal_active_bakers": 137,
  "dal_inactive_bakers": 135,
  "unclassified_bakers": 3,
  "non_attesting_bakers": 3,
  "dal_baking_power_percentage": 50.126677416709256,
  "total_baking_power": 404688088278280,
  "dal_baking_power": 202856692555101,
  "dal_participation_percentage": 49.81818181818182,
  "dal_adoption_percentage": 49.280575539568346
}