{
  "timestamp": "2025-06-10T00:36:27.733849",
  "cycle": 896,
  "total_bakers": 280,
  "dal_active_bakers": 169,
  "dal_inactive_bakers": 105,
  "unclassified_bakers": 6,
  "non_attesting_bakers": 0,
  "dal_baking_power_percentage": 70.77404300085128,
  "total_baking_power": 409977698866405,
  "dal_baking_power": 290157792889610,
  "dal_participation_percentage": 60.357142857142854,
  "dal_adoption_percentage": 60.357142857142854
}