{
  "timestamp": "2025-09-09T10:12:46.803877",
  "cycle": 987,
  "total_bakers": 276,
  "dal_active_bakers": 181,
  "dal_inactive_bakers": 67,
  "unclassified_bakers": 12,
  "non_attesting_bakers": 16,
  "dal_baking_power_percentage": 86.90244156572192,
  "total_baking_power": 410732689529399,
  "dal_baking_power": 356936735509604,
  "dal_participation_percentage": 69.61538461538461,
  "dal_adoption_percentage": 65.57971014492753
}