{
  "timestamp": "2025-10-26T07:18:21.163496",
  "cycle": 1034,
  "total_bakers": 253,
  "dal_active_bakers": 185,
  "dal_inactive_bakers": 42,
  "unclassified_bakers": 23,
  "non_attesting_bakers": 3,
  "dal_baking_power_percentage": 87.33180511710353,
  "total_baking_power": 413335009920394,
  "dal_baking_power": 360972925344439,
  "dal_participation_percentage": 74.0,
  "dal_adoption_percentage": 73.12252964426878
}