{
  "timestamp": "2025-06-27T00:38:33.609393",
  "cycle": 913,
  "total_bakers": 282,
  "dal_active_bakers": 179,
  "dal_inactive_bakers": 91,
  "unclassified_bakers": 6,
  "non_attesting_bakers": 6,
  "dal_baking_power_percentage": 75.61189463759955,
  "total_baking_power": 410329012776162,
  "dal_baking_power": 310257540807814,
  "dal_participation_percentage": 64.85507246376811,
  "dal_adoption_percentage": 63.47517730496454
}