{
  "timestamp": "2026-06-17T21:52:49+00:00",
  "cycle": 1266,
  "total_bakers": 220,
  "dal_active_bakers": 193,
  "dal_inactive_bakers": 27,
  "unclassified_bakers": 0,
  "non_attesting_bakers": 0,
  "dal_baking_power_percentage": 88.47704775324297,
  "total_baking_power": 437987343987456.0,
  "dal_baking_power": 387518271492942.0,
  "dal_participation_percentage": 87.72727272727273,
  "dal_adoption_percentage": 87.72727272727273
}