{
  "timestamp": "2025-06-04T06:31:31.529801",
  "cycle": 891,
  "total_bakers": 279,
  "dal_active_bakers": 164,
  "dal_inactive_bakers": 107,
  "unclassified_bakers": 6,
  "non_attesting_bakers": 2,
  "dal_baking_power_percentage": 70.57474244286541,
  "total_baking_power": 408270414521288,
  "dal_baking_power": 288135793518818,
  "dal_participation_percentage": 59.205776173285194,
  "dal_adoption_percentage": 58.78136200716846
}