{
  "timestamp": "2025-09-22T06:37:08.990971",
  "cycle": 1000,
  "total_bakers": 238,
  "dal_active_bakers": 183,
  "dal_inactive_bakers": 46,
  "unclassified_bakers": 9,
  "non_attesting_bakers": 0,
  "dal_baking_power_percentage": 88.00071051624232,
  "total_baking_power": 409305362415347,
  "dal_baking_power": 360191627106586,
  "dal_participation_percentage": 76.89075630252101,
  "dal_adoption_percentage": 76.89075630252101
}