{
  "timestamp": "2026-06-04T17:45:58+00:00",
  "cycle": 1253,
  "total_bakers": 242,
  "dal_active_bakers": 191,
  "dal_inactive_bakers": 51,
  "unclassified_bakers": 0,
  "non_attesting_bakers": 0,
  "dal_baking_power_percentage": 88.86045081196082,
  "total_baking_power": 435809506636062.0,
  "dal_baking_power": 387262292278187.0,
  "dal_participation_percentage": 78.92561983471074,
  "dal_adoption_percentage": 78.92561983471074
}