{
  "timestamp": "2025-10-11T07:05:29.082551",
  "cycle": 1019,
  "total_bakers": 300,
  "dal_active_bakers": 188,
  "dal_inactive_bakers": 47,
  "unclassified_bakers": 14,
  "non_attesting_bakers": 51,
  "dal_baking_power_percentage": 88.01743877778631,
  "total_baking_power": 419156088584859,
  "dal_baking_power": 368930453653542,
  "dal_participation_percentage": 75.50200803212851,
  "dal_adoption_percentage": 62.66666666666667
}