{
  "timestamp": "2025-10-05T19:09:25.764409",
  "cycle": 1013,
  "total_bakers": 253,
  "dal_active_bakers": 186,
  "dal_inactive_bakers": 45,
  "unclassified_bakers": 18,
  "non_attesting_bakers": 4,
  "dal_baking_power_percentage": 87.9132393793522,
  "total_baking_power": 418791355137652,
  "dal_baking_power": 368173046542197,
  "dal_participation_percentage": 74.69879518072288,
  "dal_adoption_percentage": 73.51778656126481
}