{
  "timestamp": "2025-08-24T00:39:26.246598",
  "cycle": 971,
  "total_bakers": 263,
  "dal_active_bakers": 186,
  "dal_inactive_bakers": 68,
  "unclassified_bakers": 8,
  "non_attesting_bakers": 1,
  "dal_baking_power_percentage": 87.09676796166123,
  "total_baking_power": 407391877519252,
  "dal_baking_power": 354825158257598,
  "dal_participation_percentage": 70.99236641221374,
  "dal_adoption_percentage": 70.72243346007605
}