{
  "timestamp": "2026-05-24T11:55:04+00:00",
  "cycle": 1242,
  "total_bakers": 221,
  "dal_active_bakers": 195,
  "dal_inactive_bakers": 26,
  "unclassified_bakers": 0,
  "non_attesting_bakers": 0,
  "dal_baking_power_percentage": 87.6887030576663,
  "total_baking_power": 396544741105959.0,
  "dal_baking_power": 347724940519196.0,
  "dal_participation_percentage": 88.23529411764706,
  "dal_adoption_percentage": 88.23529411764706
}